Date,Meal,Kilojoules,Fat (g),Saturated Fat,Polyunsaturated Fat,Monounsaturated Fat,Trans Fat,Cholesterol,Sodium (mg),Potassium,Carbohydrates (g),Fiber,Sugar,Protein (g),Vitamin A,Vitamin C,Calcium,Iron
2017-12-31,Breakfast,372.8,1.9,0.5,0.3,0.8,0.0,15.8,152.8,35.7,14.9,0.7,0.5,3.0,1.3,0.0,2.9,5.3
2017-12-31,Lunch,4849.3,39.8,21.1,3.1,12.1,0.0,94.0,1678.0,848.0,112.2,6.1,13.3,15.8,24.0,78.0,12.0,21.0
2017-12-31,Dinner,4489.4,12.2,5.7,0.0,1.0,0.0,85.8,338.9,284.0,95.0,1.5,41.5,26.9,0.0,0.0,2.0,9.0
2018-01-01,Breakfast,2412.5,29.1,4.0,2.5,2.8,0.0,184.5,421.6,442.4,40.9,5.7,28.4,16.4,7.2,1.9,11.6,20.8
2018-01-01,Lunch,2451.8,0.0,0.0,0.0,0.0,0.0,5.0,120.0,0.0,15.0,0.0,14.0,10.0,10.0,0.0,35.0,0.0
2018-01-01,Dinner,6650.5,44.8,22.2,2.0,8.0,0.0,149.8,1465.4,886.1,106.0,4.0,21.9,38.2,16.0,36.0,12.5,30.4
2018-01-02,Breakfast,836.8,2.0,0.4,1.0,0.0,0.0,0.0,270.0,0.0,40.0,2.0,6.0,8.0,0.0,0.0,8.0,12.0
2018-01-02,Lunch,1100.4,0.0,0.0,0.0,0.0,0.0,0.0,0.0,0.0,0.0,0.0,0.0,0.0,0.0,0.0,0.0,0.0
2018-01-02,Dinner,6564.7,40.3,4.5,1.2,3.2,0.2,183.3,2305.9,1117.3,172.5,4.0,28.4,52.6,55.5,38.3,8.4,28.8
2018-01-02,Snacks,2343.0,50.0,20.0,0.0,0.0,0.0,60.0,1320.0,0.0,12.0,0.0,0.0,14.0,0.0,0.0,0.0,0.0
2018-01-03,Breakfast,815.9,1.0,0.2,0.5,0.0,0.0,0.0,135.0,0.0,20.0,1.0,3.0,4.0,0.0,0.0,4.0,6.0
2018-01-03,Lunch,1121.3,0.0,0.0,0.0,0.0,0.0,0.0,0.0,0.0,0.0,0.0,0.0,0.0,0.0,0.0,0.0,0.0
2018-01-03,Dinner,5956.3,30.1,10.6,0.0,0.0,0.0,154.8,480.1,624.7,94.6,2.8,47.5,57.0,8.0,9.7,21.6,27.4
2018-01-03,Snacks,135.1,0.3,0.1,0.2,0.1,0.0,0.0,161.6,525.2,6.0,3.2,2.7,1.4,18.1,10.4,8.1,2.2
2018-01-04,Breakfast,1824.6,30.6,17.7,4.0,6.8,0.0,204.5,594.2,299.9,26.2,1.0,4.2,18.4,7.2,0.0,18.9,12.8
2018-01-04,Lunch,2579.0,0.0,0.0,0.0,0.0,0.0,0.0,0.0,0.0,0.0,0.0,0.0,0.0,0.0,0.0,0.0,0.0
2018-01-04,Dinner,4565.1,17.7,3.9,0.1,0.0,0.0,92.4,261.2,179.1,101.2,3.3,47.6,39.9,40.0,26.7,5.8,13.3
2018-01-04,Snacks,294.5,3.4,0.7,0.2,1.9,0.0,0.0,598.0,656.5,8.7,4.0,3.4,1.7,22.7,13.0,10.1,2.8
2018-01-05,Breakfast,2388.6,40.6,10.9,4.9,13.4,0.0,231.8,1234.9,508.4,24.1,1.7,4.0,27.3,7.5,1.1,8.9,19.4
2018-01-05,Lunch,2230.1,0.0,0.0,0.0,0.0,0.0,0.0,0.0,0.0,0.0,0.0,0.0,0.0,0.0,0.0,0.0,0.0
2018-01-05,Dinner,4146.3,57.6,9.9,25.0,0.0,0.5,75.0,1700.0,790.0,88.9,4.0,13.0,28.8,6.6,34.8,8.5,15.0
2018-01-05,Snacks,933.9,0.7,0.2,0.3,0.1,0.0,0.0,323.2,1050.4,12.0,6.5,5.4,2.8,36.3,20.9,16.2,4.5
2018-01-06,Breakfast,899.6,23.0,14.0,0.0,0.0,0.0,60.0,0.0,0.0,0.0,0.0,0.0,1.0,0.0,0.0,0.0,0.0
2018-01-06,Lunch,6378.4,46.1,11.9,3.6,5.7,0.0,559.1,1362.8,1179.9,73.3,4.6,7.1,96.7,94.9,30.6,33.9,50.8
2018-01-06,Snacks,5.9,0.0,0.0,0.0,0.0,0.0,0.0,0.0,0.0,0.0,0.0,0.0,0.0,0.0,0.0,0.0,0.0
2018-01-07,Breakfast,2135.1,27.2,14.0,3.0,5.7,0.0,398.9,460.4,139.8,31.8,0.0,14.4,35.5,26.5,0.0,60.7,9.7
2018-01-07,Lunch,110.0,0.0,0.0,0.0,0.0,0.0,0.0,0.0,0.0,0.0,0.0,0.0,0.0,0.0,0.0,0.0,0.0
2018-01-07,Dinner,4981.5,40.0,9.6,3.6,5.6,0.6,36.0,1300.6,829.4,81.0,5.0,7.6,24.8,14.0,4.0,43.3,37.8
2018-01-07,Snacks,1797.0,0.2,0.0,0.1,0.0,0.0,0.0,141.8,942.6,40.0,6.6,25.4,2.7,121.1,30.2,6.0,5.1
2018-01-08,Breakfast,397.1,0.0,0.0,0.0,0.0,0.0,0.0,0.0,0.0,0.0,0.0,0.0,0.0,0.0,0.0,0.0,0.0
2018-01-08,Lunch,402.9,0.2,0.2,0.0,0.0,0.0,0.0,95.0,0.0,10.1,1.0,10.1,7.0,22.0,0.0,30.0,0.0
2018-01-08,Dinner,1922.1,17.9,0.1,0.0,0.0,0.0,0.0,48.0,340.0,6.1,1.0,0.1,2.2,20.0,40.0,2.0,4.0
2018-01-08,Snacks,197.5,1.2,0.0,0.1,0.0,0.0,0.0,80.8,378.6,10.0,5.6,5.4,1.7,11.1,11.2,6.0,3.1
2018-01-09,Breakfast,1381.6,21.8,11.0,1.5,2.8,0.0,284.5,1775.2,69.9,4.4,0.0,4.2,28.3,7.2,0.0,2.9,4.8
2018-01-09,Lunch,1510.4,20.0,17.0,0.0,0.0,0.0,15.0,200.0,100.0,17.0,5.0,4.0,19.0,24.0,0.0,7.0,8.0
2018-01-09,Dinner,4606.5,40.1,0.2,0.2,0.3,0.0,110.6,700.0,110.0,129.4,1.2,0.2,41.4,0.0,0.0,4.0,22.0
2018-01-09,Snacks,72.8,0.0,0.0,0.0,0.0,0.0,0.0,0.0,0.0,0.0,0.0,0.0,0.0,0.0,0.0,0.0,0.0
2018-01-10,Breakfast,400.8,0.0,0.0,0.0,0.0,0.0,0.0,0.0,0.0,0.0,0.0,0.0,0.0,0.0,0.0,0.0,0.0
2018-01-10,Dinner,646.5,0.0,0.0,0.0,0.0,0.0,0.0,20.0,340.0,5.0,1.0,0.0,1.0,20.0,40.0,2.0,4.0
2018-01-10,Snacks,569.9,0.5,0.1,0.2,0.0,0.0,0.0,124.8,652.6,34.0,7.5,23.4,1.7,214.1,25.2,7.0,3.1
2018-01-11,Breakfast,1558.6,24.8,13.0,1.5,2.8,0.0,297.0,1846.0,99.9,4.9,0.2,4.5,30.9,9.5,3.0,3.2,4.8
2018-01-11,Lunch,2288.6,35.9,17.8,0.0,0.0,0.0,45.0,370.3,100.0,20.0,5.0,7.0,26.5,30.0,0.0,27.0,8.0
2018-01-11,Dinner,2807.5,11.2,3.0,1.7,4.8,0.2,39.4,1623.6,1108.8,23.3,5.5,15.5,14.5,81.7,18.4,8.8,18.7
2018-01-11,Snacks,1025.1,19.0,0.8,6.5,1.3,0.0,0.0,0.5,62.5,2.0,1.0,0.5,12.0,0.0,0.5,1.5,2.5
2018-01-12,Breakfast,1547.6,25.7,15.0,0.6,1.6,0.1,73.1,541.2,369.6,7.8,1.8,5.2,4.8,27.2,6.1,2.9,6.2
2018-01-12,Lunch,2380.7,7.9,0.8,0.0,0.0,0.0,0.0,0.3,0.0,3.0,0.0,3.0,0.5,0.0,0.0,0.0,0.0
2018-01-12,Dinner,2515.8,36.0,15.5,0.0,0.0,0.0,0.0,10.8,170.0,27.5,3.4,5.1,16.3,10.0,20.0,1.0,2.0
2018-01-12,Snacks,1964.5,0.0,0.0,0.0,0.0,0.0,0.0,39.0,501.3,26.3,0.8,1.5,1.0,102.0,3.0,3.9,9.1
2018-01-13,Breakfast,2075.2,42.6,21.3,3.0,6.0,0.0,632.0,485.0,210.0,3.6,0.0,0.6,26.4,20.0,0.4,26.8,12.8
2018-01-13,Lunch,1715.4,16.0,6.0,0.0,0.0,0.0,45.0,1260.0,0.0,46.0,5.0,8.0,20.0,8.0,20.0,30.0,15.0
2018-01-13,Dinner,5414.1,23.4,3.3,0.0,0.0,100.0,260.0,908.0,0.0,138.9,5.0,30.0,57.0,0.0,0.0,0.0,0.0
2018-01-13,Snacks,562.4,12.6,1.0,9.1,1.8,0.0,0.0,0.7,87.5,2.8,1.4,0.7,2.8,0.0,0.7,2.1,3.5
2018-01-14,Breakfast,2027.1,32.9,10.0,1.5,2.8,0.0,214.5,99.6,349.3,0.8,1.0,0.4,7.9,7.2,1.4,3.4,7.8
2018-01-14,Lunch,2263.6,11.4,1.3,0.9,2.2,0.1,0.0,850.0,0.0,57.5,7.0,3.0,34.4,0.0,0.0,0.0,0.0
2018-01-14,Dinner,4825.1,15.7,4.8,0.7,3.5,0.0,15.0,17.7,292.4,81.8,2.5,40.3,6.9,5.0,6.0,11.1,3.5
2018-01-15,Breakfast,397.1,0.0,0.0,0.0,0.0,0.0,0.0,0.0,0.0,0.0,0.0,0.0,0.0,0.0,0.0,0.0,0.0
2018-01-15,Dinner,3736.3,32.5,8.8,6.8,12.0,0.0,336.0,326.0,1395.0,26.0,4.5,6.0,123.5,214.9,10.8,6.3,28.1
2018-01-15,Snacks,117.2,0.0,0.0,0.0,0.0,0.0,0.0,56.0,239.0,6.5,1.8,3.3,0.6,205.0,6.0,2.0,1.0
2018-01-16,Breakfast,397.1,0.0,0.0,0.0,0.0,0.0,0.0,0.0,0.0,0.0,0.0,0.0,0.0,0.0,0.0,0.0,0.0
2018-01-16,Dinner,1683.2,17.5,7.2,1.0,7.4,0.0,0.0,10.2,390.0,22.5,3.5,3.0,38.3,16.9,24.8,1.3,5.1
2018-01-16,Snacks,25.1,0.0,0.0,0.0,0.0,0.0,0.0,28.0,88.0,1.0,0.6,0.6,0.2,2.0,0.0,0.0,0.0
2018-01-17,Breakfast,795.8,17.8,9.0,1.5,2.8,0.0,214.5,95.2,69.9,0.4,0.0,0.2,6.3,7.2,0.0,2.9,4.8
2018-01-17,Lunch,3583.6,1.6,0.6,0.0,0.0,0.0,0.0,0.6,0.0,28.4,0.0,27.6,21.4,0.0,0.0,0.0,0.0
2018-01-17,Dinner,3498.7,45.6,23.8,1.5,9.9,0.0,88.0,260.8,756.1,67.0,3.5,60.6,9.1,265.9,67.1,30.6,19.5
2018-01-17,Snacks,25.1,0.0,0.0,0.0,0.0,0.0,0.0,28.0,88.0,1.0,0.6,0.6,0.2,2.0,0.0,0.0,0.0
2018-01-18,Breakfast,669.4,17.0,8.0,0.0,0.0,0.0,40.0,520.0,0.0,0.0,0.0,0.0,3.0,0.0,0.0,4.0,2.0
2018-01-18,Lunch,2451.8,29.6,16.7,0.0,2.6,0.1,80.0,333.6,0.6,28.4,0.0,27.6,26.4,0.0,0.0,0.0,2.0
2018-01-18,Dinner,3186.9,0.0,0.0,0.0,0.0,0.0,0.0,0.0,0.0,0.0,0.0,0.0,0.0,0.0,0.0,0.0,0.0
2018-01-19,Breakfast,1465.7,17.8,9.0,1.5,2.8,0.0,214.5,95.2,69.9,0.4,0.0,0.2,6.3,7.2,0.0,2.9,4.8
2018-01-19,Lunch,1077.8,0.0,0.0,0.0,0.0,0.0,0.0,0.0,0.0,0.0,0.0,0.0,0.0,0.0,0.0,0.0,0.0
2018-01-19,Dinner,6192.3,34.0,12.0,0.0,0.0,0.0,150.0,300.0,0.0,232.0,12.0,52.0,84.0,16.0,0.0,16.0,0.0
2018-01-20,Breakfast,1822.1,0.0,0.0,0.0,0.0,0.0,0.0,0.0,0.0,0.0,0.0,0.0,0.0,0.0,0.0,0.0,0.0
2018-01-20,Lunch,3990.2,0.0,0.0,0.0,0.0,0.0,0.0,0.0,0.0,0.0,0.0,0.0,0.0,0.0,0.0,0.0,0.0
2018-01-20,Dinner,6652.6,40.0,19.2,7.2,11.2,1.2,72.0,2560.0,736.0,201.0,10.0,45.2,48.0,28.0,8.0,80.0,56.0
2018-01-20,Snacks,704.6,3.6,0.8,0.0,0.0,0.0,0.0,131.0,4.5,23.7,1.0,10.1,10.0,22.0,0.0,30.0,0.0
2018-01-21,Breakfast,969.9,17.8,9.0,1.5,2.8,0.0,214.5,95.2,69.9,0.4,0.0,0.2,6.3,7.2,0.0,2.9,4.8
2018-01-21,Lunch,2757.2,32.1,22.3,2.1,3.7,0.0,44.0,883.0,286.0,51.0,6.6,8.1,32.3,30.0,0.0,24.0,21.0
2018-01-21,Dinner,2958.0,5.0,0.0,0.0,0.0,0.0,0.0,600.0,0.0,0.0,0.0,0.0,0.0,200.0,0.0,20.0,0.7
2018-01-22,Breakfast,400.8,0.0,0.0,0.0,0.0,0.0,0.0,0.0,0.0,0.0,0.0,0.0,0.0,0.0,0.0,0.0,0.0
2018-01-22,Lunch,1510.4,20.0,17.0,0.0,0.0,0.0,15.0,200.0,100.0,17.0,5.0,4.0,19.0,24.0,0.0,7.0,8.0
2018-01-22,Dinner,4220.4,29.2,16.1,0.1,0.0,0.0,0.0,997.5,491.8,110.7,5.6,57.6,79.2,127.5,28.8,3.6,8.2
2018-01-22,Snacks,37.7,0.0,0.0,0.0,0.0,0.0,0.0,42.0,132.0,1.5,0.9,0.9,0.3,3.0,0.0,0.0,0.0
2018-01-23,Breakfast,1320.5,15.5,4.2,1.5,2.8,0.0,192.0,409.2,154.4,27.7,2.5,3.0,14.7,7.2,0.0,2.9,4.8
2018-01-23,Lunch,822.2,0.0,0.0,0.0,0.0,0.0,0.0,77.5,170.0,13.8,3.0,0.0,2.3,10.0,20.0,1.0,2.0
2018-01-23,Dinner,2739.2,11.0,7.0,0.0,0.0,0.0,30.0,0.0,0.0,0.0,0.0,0.0,0.0,0.0,0.0,0.0,0.0
2018-01-23,Snacks,25.1,0.0,0.0,0.0,0.0,0.0,0.0,28.0,88.0,1.0,0.6,0.6,0.2,2.0,0.0,0.0,0.0
2018-01-24,Breakfast,397.5,0.3,0.2,0.0,0.0,0.0,0.0,66.0,0.0,7.2,0.0,6.4,15.4,0.0,0.0,20.0,0.0
2018-01-24,Lunch,117.2,0.8,0.2,0.0,0.0,0.0,0.0,809.0,0.0,3.6,0.0,3.1,1.6,0.0,0.0,0.0,0.0
2018-01-24,Dinner,1969.8,24.8,8.6,0.9,11.4,0.0,84.4,78.6,557.5,20.0,3.0,3.0,31.6,6.9,4.8,0.3,21.7
2018-01-24,Snacks,25.1,0.0,0.0,0.0,0.0,0.0,0.0,28.0,88.0,1.0,0.6,0.6,0.2,2.0,0.0,0.0,0.0
2018-01-25,Breakfast,397.5,0.3,0.2,0.0,0.0,0.0,0.0,66.0,0.0,7.4,0.0,6.1,15.2,0.0,0.0,20.0,0.0
2018-01-25,Lunch,117.2,0.8,0.2,0.0,0.0,0.0,0.0,809.0,0.0,3.6,0.0,3.1,1.6,0.0,0.0,0.0,0.0
2018-01-25,Dinner,2019.6,18.9,6.5,0.6,8.6,0.0,63.1,78.9,522.5,22.2,3.5,3.1,25.6,44.4,7.8,1.8,20.0
2018-01-25,Snacks,33.5,0.1,0.0,0.0,0.0,0.0,0.0,0.0,0.0,1.8,0.0,0.0,0.4,0.0,0.0,0.0,0.0
2018-01-26,Breakfast,3181.6,44.4,15.3,5.0,14.1,0.0,398.3,1090.7,313.7,53.5,0.8,35.7,35.6,14.5,0.0,6.2,15.3
2018-01-26,Lunch,1657.6,15.2,5.5,0.0,0.0,0.0,30.0,1205.0,20.3,38.1,2.9,2.8,23.2,0.0,0.0,20.0,4.0
2018-01-26,Dinner,5953.8,27.7,4.4,0.1,0.1,0.0,13.3,309.0,317.0,129.0,9.3,2.9,20.9,20.0,10.0,4.0,4.0
2018-01-26,Snacks,1589.9,0.0,0.0,0.0,0.0,0.0,0.0,0.0,0.0,3.4,0.0,3.4,0.0,0.0,0.0,0.0,0.0
2018-01-27,Breakfast,1568.6,26.8,4.0,1.5,2.8,0.0,184.5,297.6,353.8,16.7,1.0,1.1,14.3,7.2,1.4,3.4,7.8
2018-01-27,Lunch,1066.9,4.1,0.0,0.0,0.0,0.0,0.0,0.1,0.0,41.1,0.0,0.0,13.3,0.0,0.0,0.0,0.0
2018-01-27,Dinner,4401.6,44.9,6.6,0.0,0.0,0.0,0.0,199.5,0.0,76.7,5.5,9.4,30.2,0.0,0.0,0.0,0.0
2018-01-27,Snacks,1847.6,3.2,1.5,0.0,0.0,0.0,0.0,266.0,1142.0,43.8,6.6,27.8,7.6,420.0,26.0,21.0,13.0
2018-01-28,Breakfast,865.7,9.7,2.5,1.8,4.6,0.0,184.5,247.4,158.4,19.0,2.5,0.4,9.4,7.7,3.0,3.0,5.3
2018-01-28,Lunch,3121.7,31.5,6.6,3.0,9.5,0.0,43.0,1271.7,863.5,93.5,5.0,38.8,23.5,10.6,207.1,17.5,18.2
2018-01-28,Dinner,1340.6,6.6,1.8,1.4,2.0,0.0,143.7,145.1,0.0,5.9,2.4,2.6,54.4,25.0,41.0,0.0,8.5
2018-01-28,Snacks,2912.0,0.0,0.0,0.0,0.0,0.0,0.0,0.0,0.0,30.7,0.0,0.1,8.0,0.0,0.0,0.0,0.0
2018-01-29,Breakfast,401.7,0.3,0.2,0.0,0.0,0.0,0.0,67.0,0.0,7.5,0.0,6.6,15.4,0.0,0.0,25.0,0.0
2018-01-29,Lunch,117.2,0.8,0.2,0.0,0.0,0.0,0.0,809.0,0.0,3.6,0.0,3.1,1.6,0.0,0.0,0.0,0.0
2018-01-29,Dinner,1928.4,25.2,8.6,0.9,11.4,0.0,84.4,104.9,557.5,26.3,5.3,5.1,33.9,6.9,4.8,0.3,21.7
2018-01-29,Snacks,61.1,0.2,0.0,0.1,0.0,0.0,0.0,72.8,236.6,2.7,1.5,1.6,0.6,7.3,4.6,3.6,0.9
2018-01-30,Breakfast,1982.0,32.1,10.5,4.2,13.8,0.0,223.1,1097.9,377.0,19.7,1.8,2.6,24.0,7.2,0.0,3.5,12.2
2018-01-30,Lunch,191.3,0.4,0.0,0.0,0.0,0.0,0.0,28.5,6.0,8.2,2.3,1.7,2.5,4.5,0.4,0.2,0.4
2018-01-30,Dinner,4393.2,7.7,5.4,0.0,0.0,0.0,0.0,64.8,0.0,31.3,0.0,27.1,4.2,0.0,0.0,0.0,0.0
2018-01-30,Snacks,62.8,0.0,0.0,0.0,0.0,0.0,0.0,70.0,220.0,2.5,1.5,1.5,0.5,5.0,0.0,0.0,0.0
2018-01-31,Breakfast,892.9,7.4,1.6,0.0,0.0,0.0,0.0,1478.4,9.0,25.5,1.7,0.3,10.0,0.0,0.0,0.0,0.0
2018-01-31,Lunch,3088.7,14.8,1.1,1.6,1.3,0.0,0.0,1158.1,401.8,93.1,6.2,3.6,54.6,4.5,14.0,18.0,24.0
2018-01-31,Dinner,1782.0,9.6,5.2,0.0,0.0,0.0,0.0,25.0,0.0,18.3,0.0,16.8,1.9,0.0,0.0,0.0,0.0
2018-01-31,Snacks,25.1,0.0,0.0,0.0,0.0,0.0,0.0,28.0,88.0,1.0,0.6,0.6,0.2,2.0,0.0,0.0,0.0
2018-02-01,Breakfast,397.5,0.3,0.2,0.0,0.0,0.0,0.0,66.0,0.0,7.2,0.0,6.4,15.4,0.0,0.0,20.0,0.0
2018-02-01,Lunch,117.2,0.8,0.2,0.0,0.0,0.0,0.0,809.0,0.0,3.6,0.0,3.1,1.6,0.0,0.0,0.0,0.0
2018-02-01,Dinner,2116.7,10.1,5.2,0.0,0.0,0.0,0.0,25.0,220.0,38.3,3.0,19.8,4.9,6.9,4.8,0.3,3.1
2018-02-01,Snacks,25.1,0.0,0.0,0.0,0.0,0.0,0.0,28.0,88.0,1.0,0.6,0.6,0.2,2.0,0.0,0.0,0.0
2018-02-02,Breakfast,1502.4,24.6,11.6,1.3,5.5,0.0,19.3,832.7,195.8,17.9,1.4,2.7,15.2,0.0,0.0,0.3,3.7
2018-02-02,Lunch,1787.0,5.2,1.2,0.0,0.0,0.0,0.0,253.7,9.0,25.1,0.2,0.0,5.0,0.0,0.0,0.0,0.0
2018-02-02,Dinner,4491.5,18.1,1.2,0.0,0.0,0.0,0.0,475.8,292.1,83.6,3.4,22.0,64.7,6.9,4.8,0.3,3.1
2018-02-02,Snacks,581.6,0.0,0.0,0.0,0.0,0.0,5.0,177.0,132.0,20.5,1.9,16.9,12.3,18.0,0.0,40.0,0.0
2018-02-03,Breakfast,2836.2,36.9,7.4,1.5,2.8,0.0,184.5,383.3,74.4,11.2,2.5,0.4,14.8,7.2,0.0,2.9,4.8
2018-02-03,Lunch,1177.4,8.0,0.0,0.0,0.0,0.0,0.0,0.0,0.0,41.0,3.0,0.0,16.5,0.0,0.0,0.0,0.0
2018-02-03,Dinner,7572.7,35.9,16.4,1.5,0.5,0.1,162.7,979.4,286.7,157.7,2.3,22.6,39.3,1.7,0.0,5.6,28.5
2018-02-03,Snacks,543.9,0.0,0.0,0.0,0.0,0.0,5.0,135.0,0.0,19.0,1.0,16.0,12.0,15.0,0.0,40.0,0.0
2018-02-04,Breakfast,3163.1,47.4,0.0,0.0,0.0,0.0,785.0,1073.0,0.0,65.0,1.0,16.0,56.0,43.0,6.0,68.0,26.0
2018-02-04,Lunch,1110.0,0.0,0.0,0.0,0.0,0.0,0.0,0.0,0.0,0.0,0.0,0.0,0.0,0.0,0.0,0.0,0.0
2018-02-04,Dinner,3707.0,39.1,16.1,7.7,5.2,0.0,139.3,417.4,623.5,63.8,4.5,34.4,63.4,35.6,221.5,15.6,20.3
2018-02-05,Breakfast,397.5,0.3,0.2,0.0,0.0,0.0,0.0,66.0,0.0,7.4,0.0,6.1,15.2,0.0,0.0,20.0,0.0
2018-02-05,Lunch,117.2,0.8,0.2,0.0,0.0,0.0,0.0,809.0,0.0,3.6,0.0,3.1,1.6,0.0,0.0,0.0,0.0
2018-02-05,Dinner,1670.6,82.9,4.3,0.0,0.0,0.0,0.0,61.8,390.0,115.6,3.5,24.7,45.0,16.9,24.8,1.3,5.1
2018-02-06,Breakfast,2334.2,46.6,12.6,1.5,2.8,0.0,214.5,724.7,74.4,15.0,2.6,0.2,19.4,7.2,0.0,2.9,4.8
2018-02-06,Lunch,1508.3,0.0,0.0,0.0,0.0,0.0,5.0,120.0,0.0,15.0,0.0,14.0,10.0,10.0,0.0,35.0,0.0
2018-02-06,Dinner,2470.6,9.7,3.7,0.0,0.0,0.0,0.0,148.5,422.0,44.1,1.0,7.9,5.2,1.0,1.0,3.0,12.0
2018-02-07,Breakfast,397.5,0.3,0.2,0.0,0.0,0.0,0.0,66.0,0.0,7.2,0.0,6.4,15.4,0.0,0.0,20.0,0.0
2018-02-07,Lunch,117.2,0.8,0.2,0.0,0.0,0.0,0.0,809.0,0.0,3.6,0.0,3.1,1.6,0.0,0.0,0.0,0.0
2018-02-07,Dinner,1907.1,8.9,1.5,0.6,0.6,0.1,0.0,205.2,1519.0,70.0,8.9,8.7,33.0,17.9,31.8,4.3,17.1
2018-02-07,Snacks,104.6,0.0,0.0,0.0,0.0,0.0,0.0,40.0,195.0,5.0,1.0,3.0,0.5,100.0,6.0,2.0,0.0
2018-02-08,Breakfast,676.1,9.3,2.6,1.5,2.8,0.0,184.5,242.5,74.4,10.6,0.6,0.2,8.1,7.2,0.0,2.9,4.8
2018-02-08,Lunch,1066.5,10.9,4.7,0.0,0.0,0.0,0.0,696.4,179.0,22.0,1.8,0.1,15.6,10.0,20.0,24.0,2.0
2018-02-08,Dinner,2860.1,18.7,9.6,0.2,0.0,0.0,0.0,485.5,1017.0,72.1,3.6,27.4,16.1,40.5,617.0,28.0,22.0
2018-02-08,Snacks,1292.9,16.0,9.5,0.0,0.0,0.0,0.0,603.5,4.5,28.7,1.5,0.4,11.5,0.0,0.0,0.0,0.0
2018-02-09,Breakfast,401.7,0.3,0.2,0.0,0.0,0.0,0.0,67.0,0.0,7.5,0.0,6.6,15.4,0.0,0.0,25.0,0.0
2018-02-09,Lunch,2861.9,3.4,0.6,1.4,1.1,0.0,0.0,998.0,367.0,7.8,1.9,2.6,6.0,0.0,8.0,6.0,10.0
2018-02-09,Dinner,1487.9,3.1,1.1,0.0,0.0,0.0,0.0,699.0,220.0,28.4,5.4,8.1,54.1,31.9,45.8,0.3,3.1
2018-02-09,Snacks,2346.4,0.0,0.0,0.0,0.0,0.0,0.0,65.8,771.8,13.8,1.0,3.0,1.5,100.0,6.0,6.1,12.3
2018-02-10,Breakfast,1121.7,2.6,0.7,0.0,0.0,0.0,0.0,151.1,4.5,13.1,0.9,0.1,2.2,0.0,0.0,0.0,0.0
2018-02-10,Lunch,2048.5,0.0,0.0,0.0,0.0,0.0,5.0,120.0,0.0,15.0,0.0,14.0,10.0,10.0,0.0,35.0,0.0
2018-02-10,Dinner,6522.9,93.0,25.2,11.7,29.5,0.0,180.0,384.0,870.0,65.2,4.0,0.0,89.0,0.0,15.0,2.0,21.0
2018-02-10,Snacks,930.9,0.0,0.0,0.0,0.0,0.0,0.0,15.5,346.1,5.3,0.0,0.0,0.6,0.0,0.0,2.5,7.4
2018-02-11,Breakfast,717.9,9.3,2.6,1.5,2.8,0.0,184.5,264.7,74.4,12.6,0.7,0.2,8.4,7.2,0.0,2.9,4.8
2018-02-11,Lunch,2319.6,0.0,0.0,0.0,0.0,0.0,5.0,120.0,0.0,15.0,0.0,14.0,10.0,10.0,0.0,35.0,0.0
2018-02-11,Dinner,6734.6,37.9,8.7,5.1,9.3,0.0,230.0,714.4,254.8,122.4,28.5,9.3,97.0,10.0,40.0,40.7,110.7
2018-02-11,Snacks,104.6,0.0,0.0,0.0,0.0,0.0,0.0,40.0,195.0,5.0,1.0,3.0,0.5,100.0,6.0,2.0,0.0
2018-02-12,Breakfast,612.1,4.9,1.2,0.0,0.0,0.0,0.0,250.7,9.0,20.5,1.4,0.1,3.7,0.0,0.0,0.0,0.0
2018-02-12,Lunch,117.2,0.8,0.2,0.0,0.0,0.0,0.0,809.0,0.0,3.6,0.0,3.1,1.6,0.0,0.0,0.0,0.0
2018-02-12,Dinner,1065.7,2.4,0.6,0.5,0.6,0.1,0.0,85.0,580.0,33.3,6.0,16.1,25.6,36.0,76.6,2.0,3.0
2018-02-12,Snacks,104.6,0.0,0.0,0.0,0.0,0.0,0.0,40.0,195.0,5.0,1.0,3.0,0.5,100.0,6.0,2.0,0.0
2018-02-13,Breakfast,1218.8,15.1,3.5,1.5,2.8,0.0,184.5,474.5,392.4,18.5,2.8,2.0,18.2,7.2,4.0,2.9,7.8
2018-02-13,Lunch,1169.9,6.7,0.9,0.7,4.6,0.0,0.0,310.0,37.5,8.5,1.2,8.6,0.7,0.0,1.8,0.0,1.1
2018-02-13,Dinner,2069.0,149.0,5.4,0.0,0.0,0.0,0.0,41.0,390.0,166.6,3.5,18.8,76.5,16.9,24.8,1.3,5.1
2018-02-13,Snacks,897.9,5.6,2.0,0.0,0.0,0.0,0.0,1.5,0.0,40.6,5.4,23.9,2.4,1.5,22.4,1.5,1.5
2018-02-14,Breakfast,1843.1,19.8,7.9,0.0,0.0,0.0,0.0,1049.3,0.0,30.0,4.7,2.6,32.6,0.0,0.0,46.0,0.0
2018-02-14,Lunch,1015.0,0.0,0.0,0.0,0.0,0.0,0.0,0.0,0.0,0.0,0.0,0.0,0.0,0.0,0.0,0.0,0.0
2018-02-14,Snacks,418.4,0.0,0.0,0.0,0.0,0.0,5.0,120.0,0.0,15.0,0.0,14.0,10.0,10.0,0.0,35.0,0.0
2018-02-15,Breakfast,397.5,0.3,0.2,0.0,0.0,0.0,0.0,66.0,0.0,7.2,0.0,6.4,15.4,0.0,0.0,20.0,0.0
2018-02-15,Dinner,981.2,2.4,0.5,0.5,0.6,0.1,0.0,374.0,800.0,31.8,3.5,12.2,25.8,16.9,24.8,1.3,5.1
2018-02-15,Snacks,477.0,0.0,0.0,0.0,0.0,0.0,0.0,43.2,132.0,28.6,4.4,15.1,1.5,4.2,17.7,1.2,1.2
2018-02-16,Breakfast,397.5,0.3,0.2,0.0,0.0,0.0,0.0,66.0,0.0,7.2,0.0,6.4,15.4,0.0,0.0,20.0,0.0
2018-02-16,Lunch,1432.6,0.0,0.0,0.0,0.0,0.0,5.0,120.0,0.0,15.0,0.0,14.0,10.0,10.0,0.0,35.0,0.0
2018-02-16,Dinner,3006.2,21.0,0.0,0.0,0.0,0.0,0.0,930.0,0.0,9.0,0.0,0.0,33.0,0.0,0.0,0.0,0.0
2018-02-16,Snacks,1244.7,0.3,0.0,0.1,0.0,0.0,0.0,16.5,501.1,25.4,3.5,15.1,1.0,1.6,11.2,3.4,8.3
2018-02-17,Breakfast,2372.7,25.4,7.7,1.8,3.0,0.0,184.6,1449.8,70.3,46.3,5.3,22.6,34.7,7.2,200.0,2.9,4.8
2018-02-17,Lunch,1861.9,0.0,0.0,0.0,0.0,0.0,10.0,240.0,0.0,30.0,0.0,28.0,20.0,20.0,0.0,70.0,0.0
2018-02-17,Dinner,5999.9,0.0,0.0,0.0,0.0,0.0,0.0,0.0,0.0,0.0,0.0,0.0,0.0,0.0,0.0,0.0,0.0
2018-02-17,Snacks,5.9,0.0,0.0,0.0,0.0,0.0,0.0,0.0,0.0,0.0,0.0,0.0,0.0,0.0,0.0,0.0,0.0
2018-02-18,Breakfast,1781.1,7.5,2.2,1.8,3.0,0.0,184.6,98.8,70.3,0.5,0.0,0.2,6.4,7.2,0.0,2.9,4.8
2018-02-18,Lunch,2133.8,0.0,0.0,0.0,0.0,0.0,0.0,0.0,0.0,0.0,0.0,0.0,0.0,0.0,0.0,0.0,0.0
2018-02-18,Dinner,4890.7,11.8,3.6,0.0,0.0,0.0,133.2,171.4,0.0,58.6,3.5,16.1,61.3,0.0,0.0,3.6,14.4
2018-02-18,Snacks,418.4,0.0,0.0,0.0,0.0,0.0,5.0,120.0,0.0,15.0,0.0,14.0,10.0,10.0,0.0,35.0,0.0
2018-02-19,Breakfast,739.7,7.5,1.3,0.0,0.0,0.0,0.0,196.0,4.5,18.7,3.0,1.7,7.2,0.0,0.0,0.0,0.0
2018-02-19,Lunch,117.2,0.8,0.2,0.0,0.0,0.0,0.0,809.0,0.0,3.6,0.0,3.1,1.6,0.0,0.0,0.0,0.0
2018-02-19,Dinner,1349.3,53.2,1.8,0.0,0.0,0.0,0.0,584.5,220.0,84.7,7.0,11.4,30.5,6.9,4.8,0.3,3.1
2018-02-19,Snacks,287.4,0.1,0.0,0.0,0.0,0.0,0.0,40.8,284.9,16.6,3.0,11.7,0.7,100.8,12.7,2.8,0.8
2018-02-20,Breakfast,397.5,0.3,0.2,0.0,0.0,0.0,0.0,66.0,0.0,7.4,0.0,6.1,15.2,0.0,0.0,20.0,0.0
2018-02-20,Lunch,1110.0,0.0,0.0,0.0,0.0,0.0,0.0,0.0,0.0,0.0,0.0,0.0,0.0,0.0,0.0,0.0,0.0
2018-02-20,Dinner,3488.2,0.0,0.0,0.0,0.0,0.0,0.0,0.0,0.0,0.0,0.0,0.0,0.0,0.0,0.0,0.0,0.0
2018-02-20,Snacks,805.0,5.0,3.0,0.0,0.0,0.0,0.0,88.7,384.0,25.8,3.8,19.4,11.2,427.6,12.8,3.8,2.6
2018-02-21,Breakfast,400.8,0.3,0.2,0.0,0.0,0.0,0.0,67.0,0.0,7.5,0.0,6.6,15.4,0.0,0.0,25.0,0.0
2018-02-21,Lunch,117.2,0.8,0.2,0.0,0.0,0.0,0.0,809.0,0.0,3.6,0.0,3.1,1.6,0.0,0.0,0.0,0.0
2018-02-21,Dinner,1830.1,5.8,3.2,0.2,0.0,0.0,0.0,162.8,791.2,35.1,5.5,11.4,12.7,45.5,683.5,25.0,13.2
2018-02-21,Snacks,62.8,0.1,0.0,0.0,0.0,0.0,0.0,0.0,0.0,3.4,0.0,0.0,0.7,0.0,0.0,0.0,0.0
2018-02-22,Breakfast,400.8,0.3,0.2,0.0,0.0,0.0,0.0,67.0,0.0,7.5,0.0,6.6,15.4,0.0,0.0,25.0,0.0
2018-02-22,Lunch,1000.0,0.0,0.0,0.0,0.0,0.0,0.0,0.0,0.0,0.0,0.0,0.0,0.0,0.0,0.0,0.0,0.0
2018-02-22,Snacks,418.4,0.0,0.0,0.0,0.0,0.0,5.0,120.0,0.0,15.0,0.0,14.0,10.0,10.0,0.0,35.0,0.0
2018-02-23,Breakfast,1507.4,20.0,6.7,1.5,2.8,0.0,196.5,742.5,153.2,17.8,2.9,1.7,25.3,7.2,0.0,25.9,4.8
2018-02-23,Lunch,1506.2,16.0,12.0,0.0,0.0,0.0,0.0,950.0,0.0,44.0,1.0,6.0,9.0,20.0,0.0,2.0,6.0
2018-02-23,Dinner,3460.5,13.9,2.9,0.0,0.0,0.0,0.0,903.5,4.5,50.8,4.6,10.0,45.0,0.0,0.0,0.0,0.0
2018-02-23,Snacks,1516.7,0.0,0.0,0.0,0.0,0.0,0.0,15.5,346.1,5.5,0.0,0.2,0.6,0.0,0.0,2.5,7.4
2018-02-24,Breakfast,2640.9,2.3,0.6,0.0,0.0,0.0,5.0,156.0,4.5,15.1,0.0,14.0,10.2,10.0,0.0,35.0,0.0
2018-02-24,Lunch,1212.8,6.4,1.0,0.0,0.0,0.0,0.0,988.9,0.0,30.1,5.4,4.8,25.6,0.0,0.0,0.0,0.0
2018-02-24,Dinner,6501.2,0.0,0.0,0.0,0.0,0.0,0.0,0.0,0.0,39.1,0.0,0.1,0.0,0.0,0.0,0.0,0.0
2018-02-24,Snacks,1096.6,11.2,7.8,0.0,0.0,0.0,0.0,152.0,0.0,33.8,0.0,22.8,6.2,0.0,0.0,0.0,0.0
2018-02-25,Breakfast,713.4,12.9,4.6,1.5,2.8,0.0,184.5,476.7,69.9,1.2,0.0,0.2,11.4,7.2,0.0,2.9,4.8
2018-02-25,Lunch,869.0,0.0,0.0,0.0,0.0,0.0,0.0,0.0,0.0,0.0,0.0,0.0,0.0,0.0,0.0,0.0,0.0
2018-02-25,Dinner,2603.7,15.2,3.4,3.8,7.4,0.2,0.0,63.0,473.4,11.4,2.5,4.3,26.9,9.5,7.1,4.2,14.5
2018-02-25,Snacks,109.2,0.1,0.1,0.0,0.0,0.0,0.0,37.0,0.0,3.7,0.0,3.5,2.5,0.0,0.0,0.0,0.0
2018-02-26,Breakfast,397.5,0.3,0.2,0.0,0.0,0.0,0.0,66.0,0.0,7.2,0.0,6.4,15.4,0.0,0.0,20.0,0.0
2018-02-26,Lunch,117.2,0.8,0.2,0.0,0.0,0.0,0.0,809.0,0.0,3.6,0.0,3.1,1.6,0.0,0.0,0.0,0.0
2018-02-26,Dinner,2135.0,15.7,3.4,3.8,7.4,0.2,0.0,116.1,1021.3,65.9,11.0,17.6,32.8,784.4,76.5,9.6,18.0
2018-02-27,Breakfast,798.8,11.9,4.1,1.6,2.9,0.0,184.5,431.1,70.4,8.6,0.0,0.4,11.3,7.2,0.0,2.9,4.8
2018-02-27,Lunch,973.2,1.6,0.0,0.0,0.0,0.0,0.0,1596.0,0.0,34.4,16.0,18.2,4.6,0.0,0.0,0.0,0.0
2018-02-27,Dinner,1131.8,0.6,0.0,0.0,0.0,0.0,0.0,320.0,390.0,32.5,3.7,11.2,4.3,16.9,24.8,1.3,5.1
2018-02-27,Snacks,659.4,0.4,0.1,0.1,0.0,0.0,0.0,85.1,824.1,39.8,6.1,20.3,2.3,409.0,36.6,4.1,3.1
2018-02-28,Breakfast,1278.7,20.5,7.8,1.6,2.9,0.0,184.5,976.1,70.4,9.7,0.0,0.4,18.6,7.2,0.0,2.9,4.8
2018-02-28,Lunch,2000.0,0.0,0.0,0.0,0.0,0.0,0.0,0.0,0.0,0.0,0.0,0.0,0.0,0.0,0.0,0.0,0.0
2018-02-28,Dinner,1588.3,6.1,1.9,0.0,0.0,0.0,68.8,44.6,220.0,20.0,3.0,3.0,32.8,6.9,4.8,2.2,10.5
2018-02-28,Snacks,3083.6,18.9,7.5,0.1,0.0,0.0,0.0,529.3,422.0,108.8,3.7,32.1,35.3,1.0,17.0,0.0,1.0
2018-03-01,Breakfast,400.8,0.3,0.2,0.0,0.0,0.0,0.0,67.0,0.0,7.5,0.0,6.6,15.4,0.0,0.0,25.0,0.0
2018-03-01,Lunch,117.2,0.8,0.2,0.0,0.0,0.0,0.0,809.0,0.0,3.6,0.0,3.1,1.6,0.0,0.0,0.0,0.0
2018-03-01,Dinner,1691.2,4.4,0.9,0.0,0.0,0.0,0.0,713.3,0.0,14.8,3.7,7.3,40.3,0.0,0.0,0.0,0.0
2018-03-01,Snacks,421.4,4.6,2.7,0.0,0.0,0.0,0.6,75.6,306.2,14.3,3.2,8.3,1.6,314.0,24.6,3.5,3.8
2018-03-02,Breakfast,397.5,0.3,0.2,0.0,0.0,0.0,0.0,66.0,0.0,7.4,0.0,6.1,15.2,0.0,0.0,20.0,0.0
2018-03-02,Lunch,1438.9,0.7,0.1,0.0,0.0,0.0,0.0,207.0,220.0,30.4,3.0,12.8,3.1,6.9,4.8,0.3,3.1
2018-03-02,Dinner,1789.1,10.7,5.0,0.1,0.0,0.0,0.0,759.2,340.0,33.3,6.1,13.6,13.1,23.0,404.0,24.0,6.0
2018-03-02,Snacks,3628.8,0.0,0.0,0.0,0.0,0.0,0.0,20.6,461.4,23.4,0.0,0.0,13.9,0.0,0.0,3.3,9.8
2018-03-03,Breakfast,4144.2,59.1,14.2,2.4,8.4,0.0,415.2,1549.5,570.4,62.0,3.6,2.2,53.0,16.7,6.2,6.1,17.7
2018-03-03,Lunch,1669.8,0.0,0.0,0.0,0.0,0.0,0.0,0.0,0.0,0.0,0.0,0.0,0.0,0.0,0.0,0.0,0.0
2018-03-03,Dinner,1359.8,11.9,3.6,0.0,0.0,1.0,87.6,351.1,0.0,26.7,3.6,3.0,32.4,150.0,134.0,12.0,15.0
2018-03-03,Snacks,3077.3,6.7,3.0,0.0,0.0,0.0,6.0,204.5,346.1,27.6,1.3,0.9,2.8,6.0,10.0,4.1,10.6
2018-03-04,Breakfast,1266.1,13.2,1.7,1.0,1.8,0.0,185.0,385.5,69.0,26.1,1.0,4.7,18.6,5.4,0.0,2.8,6.9
2018-03-04,Lunch,1238.8,11.9,1.8,0.5,2.4,0.0,90.0,300.6,509.2,13.9,3.7,4.1,35.8,190.2,48.5,6.5,10.5
2018-03-04,Dinner,2021.7,4.2,2.0,0.0,0.0,0.0,0.0,320.0,390.0,50.2,3.9,26.8,5.0,16.9,24.8,1.3,5.1
2018-03-04,Snacks,2403.6,0.4,0.1,0.0,0.0,0.0,0.0,40.5,346.6,44.5,0.0,28.5,3.0,0.0,0.0,9.0,7.4
2018-03-05,Breakfast,1095.8,16.4,5.9,1.6,2.9,0.0,184.5,723.6,70.4,11.6,0.0,0.4,15.3,7.2,0.0,2.9,4.8
2018-03-05,Lunch,449.4,5.6,1.6,1.0,1.8,0.0,185.0,732.5,69.0,5.2,4.0,0.8,7.9,5.4,0.0,2.8,4.9
2018-03-05,Dinner,3120.4,36.7,10.8,5.1,7.6,0.0,223.5,1275.2,537.4,78.3,4.9,8.9,30.2,22.8,3.4,9.8,25.7
2018-03-05,Snacks,1856.9,0.0,0.0,0.0,0.0,0.0,0.0,0.0,0.0,0.0,0.0,0.0,0.0,0.0,0.0,0.0,0.0
2018-03-06,Breakfast,400.8,0.3,0.2,0.0,0.0,0.0,0.0,67.0,0.0,7.5,0.0,6.6,15.4,0.0,0.0,25.0,0.0
2018-03-06,Lunch,117.2,0.8,0.2,0.0,0.0,0.0,0.0,809.0,0.0,3.6,0.0,3.1,1.6,0.0,0.0,0.0,0.0
2018-03-06,Dinner,1788.3,13.8,5.8,0.7,6.4,0.9,46.4,39.0,609.8,65.1,9.6,27.4,19.7,14.0,46.3,3.6,13.8
2018-03-06,Snacks,10.9,0.0,0.0,0.0,0.0,0.0,0.0,0.1,12.1,0.8,0.0,0.3,0.0,0.0,7.6,0.1,0.1
2018-03-07,Breakfast,397.5,0.3,0.2,0.0,0.0,0.0,0.0,66.0,0.0,7.2,0.0,6.4,15.4,0.0,0.0,20.0,0.0
2018-03-07,Lunch,1012.1,0.1,0.1,0.0,0.0,0.0,0.0,37.0,0.0,3.7,0.0,3.5,2.5,0.0,0.0,0.0,0.0
2018-03-07,Dinner,1874.0,9.8,4.4,0.9,1.3,0.0,94.4,554.1,504.2,43.5,6.5,20.9,38.5,6.9,4.8,14.6,15.3
2018-03-07,Snacks,1578.2,17.1,1.6,0.0,0.0,0.0,0.0,1.4,206.7,15.5,3.8,9.7,4.2,1.0,7.4,3.5,5.1
2018-03-08,Breakfast,397.5,0.3,0.2,0.0,0.0,0.0,0.0,66.0,0.0,7.4,0.0,6.1,15.2,0.0,0.0,20.0,0.0
2018-03-08,Lunch,117.2,0.8,0.2,0.0,0.0,0.0,0.0,809.0,0.0,3.6,0.0,3.1,1.6,0.0,0.0,0.0,0.0
2018-03-08,Dinner,1215.1,13.8,5.9,0.6,6.4,0.9,46.4,51.3,370.8,25.9,5.4,5.6,18.9,31.9,45.8,0.9,10.1
2018-03-08,Snacks,702.9,0.4,0.0,0.0,0.0,0.0,0.0,2.3,142.3,43.6,6.2,26.0,1.7,2.3,25.9,2.3,2.3
2018-03-09,Breakfast,1496.2,19.9,7.5,1.6,2.9,0.0,184.5,1106.1,70.4,22.2,1.1,0.3,20.1,7.2,0.0,2.9,4.8
2018-03-09,Lunch,2903.7,32.6,24.6,0.0,0.0,0.0,30.0,2178.0,0.0,82.3,4.3,5.6,17.8,0.0,0.0,0.0,0.0
2018-03-09,Dinner,626.0,2.4,0.6,0.5,0.6,0.1,0.0,74.0,410.0,6.9,2.4,3.6,24.1,25.0,41.0,0.0,0.0
2018-03-09,Snacks,2568.1,0.0,0.0,0.0,0.0,0.0,0.0,10.3,230.7,42.8,0.0,0.1,13.5,0.0,0.0,1.6,4.9
2018-03-10,Breakfast,1365.7,11.9,3.2,1.6,2.9,0.0,232.5,1586.3,385.4,20.6,1.1,0.3,32.6,7.2,0.0,2.9,4.8
2018-03-10,Lunch,1409.2,0.8,0.0,0.8,0.0,0.0,0.0,2250.0,0.0,8.0,6.4,0.8,1.2,0.0,0.0,0.0,0.0
2018-03-10,Dinner,4058.1,38.7,13.2,0.7,3.5,0.5,0.0,1609.3,192.8,48.1,6.5,2.6,62.0,1.0,6.0,20.3,3.6
2018-03-10,Snacks,2066.9,0.0,0.0,0.0,0.0,0.0,0.0,0.0,0.0,27.8,0.0,0.0,13.4,0.0,0.0,0.0,0.0
2018-03-11,Breakfast,967.3,15.8,2.0,1.5,2.8,0.0,184.5,95.2,69.9,14.0,2.0,0.2,8.5,7.2,0.0,2.9,4.8
2018-03-11,Lunch,2669.8,0.0,0.0,0.0,0.0,0.0,0.0,0.0,0.0,0.0,0.0,0.0,0.0,0.0,0.0,0.0,0.0
2018-03-11,Dinner,1405.0,0.0,0.0,0.0,0.0,0.0,0.0,0.0,0.0,0.0,0.0,0.0,0.0,0.0,0.0,0.0,0.0
2018-03-11,Snacks,3780.3,4.1,2.2,0.0,0.0,0.0,0.0,15.5,346.1,110.3,0.2,67.2,14.3,0.0,0.0,2.5,7.4
2018-03-12,Breakfast,1686.6,26.5,9.6,2.4,4.6,0.1,184.5,1489.5,70.4,11.7,0.5,0.4,27.5,7.2,0.0,2.9,4.8
2018-03-12,Lunch,677.8,2.8,0.2,0.0,0.0,0.0,0.0,1426.0,0.0,29.6,6.6,17.0,0.8,0.0,0.0,0.0,0.0
2018-03-12,Dinner,1079.0,7.8,4.7,0.0,0.0,0.0,0.0,8.8,49.1,9.3,0.0,0.9,2.3,0.0,0.0,0.0,0.0
2018-03-12,Snacks,2232.6,20.2,13.1,0.1,0.0,0.0,0.0,53.6,169.1,50.5,3.8,40.8,4.1,1.6,12.6,1.6,1.6
2018-03-13,Breakfast,397.5,0.3,0.2,0.0,0.0,0.0,0.0,66.0,0.0,7.2,0.0,6.4,15.4,0.0,0.0,20.0,0.0
2018-03-13,Lunch,2840.1,0.0,0.0,0.0,0.0,0.0,0.0,0.0,0.0,0.0,0.0,0.0,0.0,0.0,0.0,0.0,0.0
2018-03-13,Dinner,795.8,0.6,0.0,0.0,0.0,0.0,0.0,0.0,0.0,8.4,0.0,0.0,2.2,0.0,0.0,0.0,0.0
2018-03-13,Snacks,2149.0,0.7,0.3,0.0,0.0,0.0,0.0,9.7,0.0,22.2,3.4,9.4,1.0,0.7,10.5,0.7,0.7
2018-03-14,Breakfast,984.5,6.8,2.0,1.5,2.8,0.0,184.5,95.2,69.9,0.4,0.0,0.2,6.3,7.2,0.0,2.9,4.8
2018-03-14,Lunch,3999.9,0.0,0.0,0.0,0.0,0.0,0.0,0.0,0.0,0.0,0.0,0.0,0.0,0.0,0.0,0.0,0.0
2018-03-14,Dinner,1197.9,0.5,0.0,0.0,0.0,0.0,0.0,0.0,220.0,20.0,3.0,3.0,3.0,6.9,4.8,0.3,3.1
2018-03-14,Snacks,451.9,0.8,0.3,0.0,0.0,0.0,0.0,0.3,0.0,14.2,0.0,13.8,10.7,0.0,0.0,0.0,0.0
2018-03-15,Breakfast,400.8,0.3,0.2,0.0,0.0,0.0,0.0,67.0,0.0,7.5,0.0,6.6,15.4,0.0,0.0,25.0,0.0
2018-03-15,Lunch,200.0,0.0,0.0,0.0,0.0,0.0,0.0,0.0,0.0,0.0,0.0,0.0,0.0,0.0,0.0,0.0,0.0
2018-03-15,Dinner,1334.7,0.5,0.0,0.0,0.0,0.0,0.0,0.0,220.0,20.0,3.0,3.0,3.0,6.9,4.8,0.3,3.1
2018-03-15,Snacks,1810.0,0.6,0.0,0.1,0.0,0.0,0.0,1.1,63.7,18.2,5.8,9.8,1.3,1.1,46.3,2.4,3.8
2018-03-16,Breakfast,397.5,0.3,0.2,0.0,0.0,0.0,0.0,66.0,0.0,7.4,0.0,6.1,15.2,0.0,0.0,20.0,0.0
2018-03-16,Lunch,1000.0,0.0,0.0,0.0,0.0,0.0,0.0,0.0,0.0,0.0,0.0,0.0,0.0,0.0,0.0,0.0,0.0
2018-03-16,Dinner,1405.8,8.5,3.0,0.0,0.0,0.0,0.0,847.0,220.0,42.6,7.0,11.5,22.2,6.9,4.8,0.3,3.1
2018-03-16,Snacks,4332.3,18.2,8.0,0.0,0.0,0.0,0.0,93.6,12.1,107.9,4.1,86.4,18.0,1.2,25.1,1.3,1.3
2018-03-17,Breakfast,1190.8,16.8,4.5,3.1,5.8,0.0,368.9,194.0,348.9,13.9,0.0,3.2,17.1,14.5,0.0,5.7,9.7
2018-03-17,Lunch,1589.9,10.0,4.5,0.0,0.0,0.0,50.0,1030.0,0.0,48.0,5.0,8.0,26.0,10.0,20.0,40.0,20.0
2018-03-17,Dinner,6335.5,81.0,36.0,0.0,0.0,2.0,0.0,3266.2,115.4,109.8,9.9,0.0,70.1,0.0,0.0,0.8,2.5
2018-03-17,Snacks,1752.7,13.0,5.4,0.0,0.0,0.0,15.5,357.6,27.5,38.0,1.2,23.5,17.5,9.0,0.3,14.3,0.0
2018-03-18,Breakfast,1699.5,9.7,2.4,1.5,2.8,0.0,184.5,95.2,69.9,10.8,0.0,0.2,10.2,7.2,0.0,2.9,4.8
2018-03-18,Lunch,368.2,2.8,0.2,0.0,0.0,0.0,0.0,1216.0,0.0,12.8,7.4,1.6,1.6,0.0,0.0,0.0,0.0
2018-03-18,Dinner,3772.7,0.0,0.0,0.0,0.0,0.0,0.0,0.0,0.0,0.0,0.0,0.0,0.0,0.0,0.0,0.0,0.0
2018-03-18,Snacks,2260.1,6.9,2.2,0.4,1.2,0.0,6.9,74.3,546.1,55.4,2.1,45.1,13.3,2.0,110.0,6.5,9.4
2018-03-19,Breakfast,414.2,0.3,0.2,0.0,0.0,0.0,0.0,64.0,0.0,6.7,0.0,6.7,17.0,0.0,0.0,22.0,0.0
2018-03-19,Lunch,368.2,2.8,0.2,0.0,0.0,0.0,0.0,1216.0,0.0,12.8,7.4,1.6,1.6,0.0,0.0,0.0,0.0
2018-03-19,Dinner,5918.2,0.0,0.0,0.0,0.0,0.0,0.0,0.0,0.0,0.0,0.0,0.0,0.0,0.0,0.0,0.0,0.0
2018-03-19,Snacks,64.5,0.1,0.0,0.0,0.0,0.0,0.0,0.1,12.1,3.7,0.0,0.3,0.6,0.0,7.6,0.1,0.1
2018-03-20,Breakfast,397.5,0.3,0.2,0.0,0.0,0.0,0.0,66.0,0.0,7.2,0.0,6.4,15.4,0.0,0.0,20.0,0.0
2018-03-20,Lunch,117.2,0.8,0.2,0.0,0.0,0.0,0.0,809.0,0.0,3.6,0.0,3.1,1.6,0.0,0.0,0.0,0.0
2018-03-20,Dinner,1862.7,0.5,0.0,0.0,0.0,0.0,0.0,6.0,220.0,26.0,3.0,3.1,3.0,6.9,4.8,0.3,3.1
2018-03-20,Snacks,479.9,0.0,0.0,0.0,0.0,0.0,0.0,1.4,12.1,29.8,3.8,15.4,1.3,1.3,26.5,1.4,1.4
2018-03-21,Breakfast,400.8,0.3,0.2,0.0,0.0,0.0,0.0,67.0,0.0,7.5,0.0,6.6,15.4,0.0,0.0,25.0,0.0
2018-03-21,Lunch,1444.0,0.3,0.0,0.1,0.0,0.0,0.0,324.3,201.5,23.9,1.0,10.6,1.4,23.8,18.7,0.9,3.4
2018-03-21,Dinner,1320.0,0.0,0.0,0.0,0.0,0.0,0.0,0.0,0.0,0.0,0.0,0.0,0.0,0.0,0.0,0.0,0.0
2018-03-21,Snacks,3341.6,28.6,10.2,1.3,9.2,0.0,0.0,644.2,1403.5,91.6,10.5,32.8,45.5,32.3,84.8,94.7,50.3
2018-03-22,Breakfast,397.5,0.3,0.2,0.0,0.0,0.0,0.0,66.0,0.0,7.4,0.0,6.1,15.2,0.0,0.0,20.0,0.0
2018-03-22,Lunch,397.5,2.3,0.5,0.8,0.0,0.0,0.0,2417.0,0.0,14.4,7.6,3.2,2.3,0.0,0.0,0.0,0.0
2018-03-22,Dinner,3456.0,27.7,12.2,0.0,0.0,0.0,0.0,1970.0,0.0,88.7,9.4,7.7,50.7,0.0,0.0,0.0,0.0
2018-03-22,Snacks,2749.2,0.0,0.0,0.0,0.0,0.0,0.0,1.3,0.0,49.4,3.8,15.3,1.3,1.3,18.9,1.3,1.3
2018-03-23,Breakfast,1321.3,20.0,6.9,1.6,2.9,0.0,184.5,717.6,70.4,11.6,0.0,0.4,21.2,7.2,0.0,2.9,4.8
2018-03-23,Lunch,1125.9,0.0,0.0,0.0,0.0,0.0,0.0,0.0,0.0,0.0,0.0,0.0,0.0,0.0,0.0,0.0,0.0
2018-03-23,Dinner,5347.2,79.8,16.8,0.0,0.0,0.0,0.0,2718.0,0.0,43.2,0.0,4.2,99.9,0.0,0.0,0.0,0.0
2018-03-23,Snacks,1620.0,0.0,0.0,0.0,0.0,0.0,0.0,0.1,12.1,10.9,0.0,0.4,0.0,0.0,7.6,0.1,0.1
2018-03-24,Breakfast,2673.6,39.9,8.4,0.0,0.0,0.0,0.0,1359.0,0.0,21.6,0.0,2.1,49.9,0.0,0.0,0.0,0.0
2018-03-24,Lunch,1870.2,18.2,7.9,3.1,5.6,0.0,43.5,1024.5,279.0,51.0,2.4,6.2,20.0,9.0,0.0,25.5,19.5
2018-03-24,Dinner,3438.0,32.0,16.9,0.0,0.0,0.0,0.0,1023.0,220.0,87.9,7.8,24.8,43.5,6.9,4.8,0.3,3.1
2018-03-24,Snacks,2927.7,3.2,0.3,0.0,0.0,0.0,0.0,84.3,0.0,45.8,3.5,16.8,39.1,0.0,0.0,0.0,0.0
2018-03-25,Breakfast,992.1,10.1,2.7,1.5,2.8,0.0,203.7,874.2,195.9,16.1,0.0,1.3,18.8,7.2,0.0,2.9,4.8
2018-03-25,Lunch,1200.0,0.0,0.0,0.0,0.0,0.0,0.0,0.0,0.0,0.0,0.0,0.0,0.0,0.0,0.0,0.0,0.0
2018-03-25,Dinner,8116.1,1.8,1.3,0.0,0.0,0.0,0.0,806.5,566.1,61.7,3.0,5.7,8.8,6.9,4.8,2.8,10.5
2018-03-25,Snacks,559.8,0.2,0.0,0.0,0.0,0.0,0.0,42.0,0.0,2.2,0.0,1.4,2.2,0.0,0.0,0.0,0.0
2018-03-26,Breakfast,397.5,0.3,0.2,0.0,0.0,0.0,0.0,66.0,0.0,7.4,0.0,6.1,15.2,0.0,0.0,20.0,0.0
2018-03-26,Lunch,117.2,0.8,0.2,0.0,0.0,0.0,0.0,809.0,0.0,3.6,0.0,3.1,1.6,0.0,0.0,0.0,0.0
2018-03-26,Dinner,2118.2,10.1,3.2,0.0,0.0,0.0,0.0,2387.5,220.0,55.7,10.2,7.6,38.8,6.9,4.8,0.3,3.1
2018-03-27,Breakfast,607.9,6.3,2.5,0.1,0.1,0.0,0.0,528.1,0.5,13.5,0.0,1.1,8.0,0.0,0.0,0.0,0.0
2018-03-27,Lunch,3245.5,28.2,11.5,1.5,2.8,0.0,184.5,766.7,69.9,69.5,1.3,3.3,60.9,7.2,0.0,2.9,4.8
2018-03-27,Dinner,1364.4,6.9,0.6,0.5,3.0,0.0,0.0,418.1,365.5,27.7,6.8,6.2,42.5,7.5,9.6,0.6,4.0
2018-03-27,Snacks,1133.0,8.3,7.2,0.0,0.0,0.0,0.0,9.1,12.1,39.1,0.0,20.0,14.3,0.0,7.6,0.1,0.1
2018-03-28,Breakfast,397.5,0.3,0.2,0.0,0.0,0.0,0.0,66.0,0.0,7.2,0.0,6.4,15.4,0.0,0.0,20.0,0.0
2018-03-28,Lunch,117.2,0.8,0.2,0.0,0.0,0.0,0.0,809.0,0.0,3.6,0.0,3.1,1.6,0.0,0.0,0.0,0.0
2018-03-28,Dinner,1522.6,4.9,1.4,0.8,0.0,0.0,0.0,2594.3,220.0,41.8,11.8,13.1,36.7,31.9,45.8,25.3,3.1
2018-03-28,Snacks,21.8,0.0,0.0,0.0,0.0,0.0,0.0,0.2,24.2,1.6,0.0,0.6,0.0,0.0,15.2,0.2,0.2
2018-03-29,Breakfast,1763.1,25.0,9.5,1.6,2.9,0.0,184.5,1413.8,70.4,20.3,0.0,1.8,27.7,7.2,0.0,2.9,4.8
2018-03-29,Lunch,870.2,2.2,0.0,0.0,0.0,0.0,0.0,1168.0,440.0,46.8,13.0,7.2,7.2,13.8,9.6,0.6,6.1
2018-03-29,Dinner,1110.0,0.0,0.0,0.0,0.0,0.0,0.0,0.0,0.0,0.0,0.0,0.0,0.0,0.0,0.0,0.0,0.0
2018-03-29,Snacks,3004.1,0.0,0.0,0.0,0.0,0.0,0.0,40.0,0.0,54.6,0.0,0.2,19.4,0.0,0.0,0.0,0.0
2018-03-30,Breakfast,1545.6,23.1,8.7,2.3,6.4,0.0,188.8,881.0,275.7,21.5,2.5,1.2,19.6,8.2,6.0,3.2,5.8
2018-03-30,Lunch,2434.6,32.7,16.3,2.3,9.2,0.4,0.0,706.7,0.0,39.5,0.9,15.4,18.2,2.8,0.0,1.0,3.8
2018-03-30,Dinner,3220.4,8.6,4.9,0.0,0.0,0.0,0.0,417.5,0.0,29.4,1.4,2.3,5.1,0.0,0.0,0.0,0.0
2018-03-30,Snacks,5400.7,0.2,0.0,0.0,0.0,0.0,0.0,62.6,461.4,9.2,0.0,1.4,3.0,0.0,0.0,3.3,9.8
2018-03-31,Breakfast,4184.0,0.0,0.0,0.0,0.0,0.0,0.0,0.0,0.0,0.0,0.0,0.0,0.0,0.0,0.0,0.0,0.0
2018-03-31,Dinner,2476.9,22.8,5.5,0.0,0.0,0.0,0.0,0.0,0.0,33.1,0.0,7.3,0.0,0.0,0.0,0.0,0.0
2018-03-31,Snacks,4316.2,2.4,1.1,0.1,0.0,0.0,13.0,43.6,883.4,112.5,6.1,46.1,16.2,1.0,54.0,5.3,14.8
2018-04-01,Breakfast,2261.1,26.1,10.5,1.9,5.5,0.0,403.5,741.6,138.2,40.8,0.6,11.3,21.7,17.9,5.2,6.6,17.1
2018-04-01,Lunch,2305.3,20.2,4.6,0.3,0.2,0.0,195.0,465.0,115.0,37.9,0.0,13.3,38.8,11.0,71.0,52.0,68.0
2018-04-01,Dinner,3788.7,23.0,7.2,0.0,0.0,0.0,282.5,1697.5,0.0,31.5,0.0,0.2,141.0,0.0,0.0,0.0,0.0
2018-04-02,Breakfast,1609.6,21.0,6.3,1.5,2.8,0.0,184.5,510.2,69.9,21.0,0.0,0.3,26.3,7.2,0.0,2.9,4.8
2018-04-02,Lunch,1772.7,0.8,0.3,0.0,0.0,0.0,0.0,0.3,0.0,14.2,0.0,13.8,10.7,0.0,0.0,0.0,0.0
2018-04-02,Dinner,1441.8,21.6,4.0,5.1,0.0,0.1,0.0,53.8,73.0,11.3,0.5,1.0,29.7,6.3,8.0,0.3,0.5
2018-04-02,Snacks,213.4,0.0,0.0,0.0,0.0,0.0,0.0,0.0,0.0,13.0,2.0,11.0,1.0,0.0,0.0,0.0,0.0
2018-04-03,Breakfast,400.8,0.3,0.2,0.0,0.0,0.0,0.0,67.0,0.0,7.5,0.0,6.6,15.4,0.0,0.0,25.0,0.0
2018-04-03,Lunch,1307.5,21.0,4.0,5.1,0.0,0.1,0.0,55.5,146.0,4.0,1.0,2.0,27.8,12.5,16.0,0.5,1.0
2018-04-03,Dinner,3999.9,0.0,0.0,0.0,0.0,0.0,0.0,0.0,0.0,0.0,0.0,0.0,0.0,0.0,0.0,0.0,0.0
2018-04-03,Snacks,665.3,0.8,0.3,0.0,0.0,0.0,0.0,0.3,0.0,27.2,2.0,24.8,11.7,0.0,0.0,0.0,0.0
2018-04-04,Breakfast,397.5,0.3,0.2,0.0,0.0,0.0,0.0,66.0,0.0,7.2,0.0,6.4,15.4,0.0,0.0,20.0,0.0
2018-04-04,Lunch,1803.3,19.2,7.1,1.5,6.6,0.0,0.0,1160.0,0.0,29.3,4.6,9.8,33.0,0.0,0.0,0.0,0.0
2018-04-04,Dinner,3085.6,12.8,4.5,0.0,0.0,0.0,0.0,1390.5,440.0,67.9,10.6,18.1,92.5,13.8,9.6,0.6,6.1
2018-04-04,Snacks,2620.0,31.2,19.1,0.0,0.0,0.0,0.0,80.3,0.0,66.6,0.0,61.8,18.7,0.0,0.0,0.0,0.0
2018-04-05,Breakfast,397.5,0.3,0.2,0.0,0.0,0.0,0.0,66.0,0.0,7.4,0.0,6.1,15.2,0.0,0.0,20.0,0.0
2018-04-05,Lunch,117.2,0.8,0.2,0.0,0.0,0.0,0.0,809.0,0.0,3.6,0.0,3.1,1.6,0.0,0.0,0.0,0.0
2018-04-05,Dinner,2033.4,14.7,5.1,1.6,6.6,0.0,0.0,493.0,595.0,64.0,9.5,21.3,35.2,15.4,20.8,1.5,7.0
2018-04-05,Snacks,450.2,0.4,0.1,0.1,0.0,0.0,0.0,1.1,434.1,27.8,3.1,14.3,1.3,1.0,24.6,0.1,1.1
2018-04-06,Breakfast,1252.7,13.5,5.9,1.6,2.9,0.0,184.5,1249.8,70.4,15.4,0.8,0.9,28.1,7.2,0.0,2.9,4.8
2018-04-06,Lunch,1366.9,0.0,0.0,0.0,0.0,0.0,0.0,0.0,0.0,0.0,0.0,0.0,0.0,0.0,0.0,0.0,0.0
2018-04-06,Dinner,2672.8,4.0,0.4,0.0,0.0,0.0,0.0,92.0,0.0,0.0,0.0,0.4,4.0,0.0,0.0,0.0,0.0
2018-04-06,Snacks,2112.9,16.4,12.1,0.1,0.0,0.0,0.0,41.0,422.0,52.2,4.6,37.2,4.3,1.0,17.0,0.0,1.0
2018-04-07,Breakfast,2079.4,28.2,10.4,2.2,6.3,0.0,184.5,1388.1,246.9,23.2,2.5,1.4,37.1,8.2,6.0,3.2,5.8
2018-04-07,Lunch,3363.9,38.0,6.0,0.0,0.0,0.0,0.0,1720.0,0.0,68.0,9.5,4.5,26.0,0.0,0.0,0.0,0.0
2018-04-07,Dinner,1238.1,1.4,0.1,0.0,0.0,0.0,0.0,713.0,0.0,4.0,3.3,0.7,0.4,0.0,0.0,0.0,0.0
2018-04-07,Snacks,2635.5,15.2,9.4,0.0,0.0,0.0,0.0,65.8,576.8,35.0,0.0,24.0,5.0,0.0,0.0,4.1,12.3
2018-04-08,Breakfast,400.8,0.3,0.2,0.0,0.0,0.0,0.0,67.0,0.0,7.5,0.0,6.6,15.4,0.0,0.0,25.0,0.0
2018-04-08,Lunch,1404.6,0.0,0.0,0.0,0.0,0.0,0.0,42.0,195.0,6.0,1.5,3.0,0.5,204.0,6.0,2.0,1.0
2018-04-08,Dinner,5189.4,32.9,19.5,0.1,1.5,0.2,0.0,362.4,667.0,94.0,3.5,34.9,11.8,0.0,51.5,1.9,6.8
2018-04-08,Snacks,2207.9,0.0,0.0,0.0,0.0,0.0,0.0,0.0,0.0,58.0,0.0,0.1,0.0,0.0,0.0,0.0,0.0
2018-04-09,Breakfast,1422.6,14.1,3.3,1.5,2.8,0.0,184.5,603.2,69.9,20.7,6.5,0.5,29.3,7.2,0.0,2.9,4.8
2018-04-09,Lunch,934.3,4.0,0.5,0.0,0.0,0.0,0.0,1472.0,0.0,13.1,7.4,1.6,32.0,0.0,0.0,0.0,0.0
2018-04-09,Dinner,3999.9,0.0,0.0,0.0,0.0,0.0,0.0,0.0,0.0,0.0,0.0,0.0,0.0,0.0,0.0,0.0,0.0
2018-04-09,Snacks,439.3,0.4,0.1,0.1,0.0,0.0,0.0,1.0,422.0,27.0,3.1,14.0,1.3,1.0,17.0,0.0,1.0
2018-04-10,Breakfast,590.8,5.0,0.8,0.1,0.1,0.0,0.0,3.6,0.5,15.1,4.2,0.1,7.0,0.0,0.0,0.0,0.0
2018-04-10,Lunch,117.2,0.8,0.2,0.0,0.0,0.0,0.0,809.0,0.0,3.6,0.0,3.1,1.6,0.0,0.0,0.0,0.0
2018-04-10,Dinner,1175.3,3.9,1.1,0.0,0.0,0.0,0.0,259.7,686.4,45.2,8.6,8.4,23.8,32.1,20.6,3.0,19.5
2018-04-10,Snacks,543.9,0.4,0.1,0.1,0.0,0.0,0.0,43.0,617.0,33.0,4.6,17.0,1.8,205.0,23.0,2.0,2.0
2018-04-11,Breakfast,621.7,2.1,0.5,0.0,0.0,0.0,0.0,67.0,0.0,13.2,1.6,6.6,18.0,0.0,0.0,25.0,0.0
2018-04-11,Lunch,1551.9,0.8,0.3,0.0,0.0,0.0,0.0,0.3,0.0,14.2,0.0,13.8,10.7,0.0,0.0,0.0,0.0
2018-04-11,Dinner,4195.8,21.3,10.9,0.0,0.0,0.0,0.0,1404.0,0.0,67.5,10.0,18.4,28.4,0.0,0.0,0.0,0.0
2018-04-11,Snacks,765.7,1.1,0.3,0.1,0.0,0.0,0.0,1.3,155.0,34.3,3.5,28.9,11.1,1.6,11.2,0.9,0.9
2018-04-12,Breakfast,400.8,0.3,0.2,0.0,0.0,0.0,0.0,67.0,0.0,7.5,0.0,6.6,15.4,0.0,0.0,25.0,0.0
2018-04-12,Lunch,276.1,2.8,0.2,0.0,0.0,0.0,0.0,1426.0,0.0,8.0,6.6,1.4,0.8,0.0,0.0,0.0,0.0
2018-04-12,Dinner,5008.2,34.3,15.4,0.0,0.0,0.0,0.0,15330.0,0.0,148.4,9.8,24.8,69.0,0.0,0.0,0.0,0.0
2018-04-12,Snacks,565.7,1.1,0.2,0.1,0.0,0.0,0.0,852.0,350.0,31.3,5.0,21.2,2.8,205.6,17.2,2.9,1.9
2018-04-13,Breakfast,879.8,10.9,2.6,1.6,2.9,0.0,184.5,98.8,70.4,13.3,3.6,0.3,12.6,7.2,0.0,2.9,4.8
2018-04-13,Lunch,1320.1,0.0,0.0,0.0,0.0,0.0,0.0,0.0,0.0,0.0,0.0,0.0,0.0,0.0,0.0,0.0,0.0
2018-04-13,Dinner,2821.7,0.0,0.0,0.0,0.0,0.0,0.0,0.0,0.0,0.0,0.0,0.0,0.0,0.0,0.0,0.0,0.0
2018-04-13,Snacks,2145.2,0.8,0.1,0.1,0.0,0.0,0.0,85.0,422.0,31.6,3.1,17.0,5.7,1.0,17.0,0.0,1.0
2018-04-14,Breakfast,410.0,0.3,0.2,0.0,0.0,0.0,0.0,64.0,0.0,8.0,0.0,7.0,15.2,0.0,0.0,20.0,0.0
2018-04-14,Lunch,4999.9,0.0,0.0,0.0,0.0,0.0,0.0,0.0,0.0,0.0,0.0,0.0,0.0,0.0,0.0,0.0,0.0
2018-04-14,Dinner,4898.6,32.6,18.3,0.0,0.0,0.0,0.0,645.0,0.0,160.5,0.0,4.8,36.1,0.0,0.0,0.0,0.0
2018-04-14,Snacks,92.0,0.0,0.0,0.0,0.0,0.0,0.0,0.0,0.0,0.0,0.0,0.0,0.0,0.0,0.0,0.0,0.0
2018-04-15,Breakfast,2282.4,18.5,1.0,0.0,0.0,0.0,0.0,1091.0,0.0,71.5,0.0,31.4,20.0,0.0,100.0,0.0,0.0
2018-04-15,Lunch,4499.9,0.0,0.0,0.0,0.0,0.0,0.0,0.0,0.0,0.0,0.0,0.0,0.0,0.0,0.0,0.0,0.0
2018-04-15,Dinner,2288.2,26.6,5.6,0.0,0.0,0.0,0.0,906.0,0.0,14.4,0.0,1.4,33.3,0.0,0.0,0.0,0.0
2018-04-15,Snacks,603.4,0.0,0.0,0.0,0.0,0.0,0.0,5.2,115.4,1.9,0.0,0.1,0.2,0.0,0.0,0.8,2.5
2018-04-16,Breakfast,397.5,0.3,0.2,0.0,0.0,0.0,0.0,66.0,0.0,7.2,0.0,6.4,15.4,0.0,0.0,20.0,0.0
2018-04-16,Lunch,117.2,0.8,0.2,0.0,0.0,0.0,0.0,809.0,0.0,3.6,0.0,3.1,1.6,0.0,0.0,0.0,0.0
2018-04-16,Dinner,2741.7,16.0,5.8,0.0,0.0,0.0,81.4,52.8,440.0,81.7,6.4,6.0,54.2,13.8,9.6,2.8,14.9
2018-04-16,Snacks,439.3,0.4,0.1,0.1,0.0,0.0,0.0,1.0,422.0,27.0,3.1,14.0,1.3,1.0,17.0,0.0,1.0
2018-04-17,Breakfast,656.5,7.9,2.3,1.5,2.8,0.0,184.5,164.8,69.9,7.6,2.0,0.7,9.6,7.2,0.0,2.9,4.8
2018-04-17,Lunch,842.2,4.0,0.5,0.0,0.0,0.0,0.0,1682.0,0.0,8.3,6.6,1.4,31.2,0.0,0.0,0.0,0.0
2018-04-17,Dinner,3974.8,0.0,0.0,0.0,0.0,0.0,75.0,2150.0,0.0,125.0,5.0,10.0,35.0,0.0,0.0,0.0,0.0
2018-04-17,Snacks,2138.9,0.3,0.0,0.1,0.0,0.0,0.0,6.2,270.4,60.8,3.5,15.1,0.6,1.6,11.2,1.7,3.4
2018-04-18,Breakfast,1227.2,16.5,6.3,1.5,2.8,0.0,184.5,893.8,69.9,10.2,2.0,2.7,22.5,7.2,0.0,180.9,4.8
2018-04-18,Lunch,1097.0,7.0,2.2,0.0,0.0,0.0,81.4,362.8,0.0,13.6,1.5,11.2,37.9,13.5,0.0,11.2,8.8
2018-04-18,Dinner,2372.8,7.6,3.0,0.0,0.0,0.0,0.0,1179.5,0.0,21.9,0.9,13.2,101.4,2.4,6.0,0.0,0.8
2018-04-18,Snacks,3870.3,47.7,29.5,0.1,3.0,0.6,0.0,459.0,155.0,107.2,3.5,62.7,18.1,1.6,11.2,1.0,0.9
2018-04-19,Breakfast,397.5,0.3,0.2,0.0,0.0,0.0,0.0,66.0,0.0,7.4,0.0,6.1,15.2,0.0,0.0,20.0,0.0
2018-04-19,Lunch,400.0,1.4,0.4,0.0,0.0,0.0,0.0,937.0,0.0,3.8,0.0,3.1,16.8,0.0,0.0,0.0,0.0
2018-04-19,Dinner,1947.3,12.1,4.3,0.0,0.0,0.0,81.4,231.8,0.0,37.7,2.4,17.8,48.6,25.0,41.0,20.2,8.8
2018-04-19,Snacks,257.3,0.0,0.0,0.0,0.0,0.0,0.0,103.5,450.0,15.0,4.5,7.5,1.5,501.0,15.0,4.5,3.0
2018-04-20,Breakfast,1345.2,19.1,6.1,1.5,2.8,0.0,184.5,590.2,69.9,14.3,3.7,0.3,21.1,7.2,0.0,2.9,4.8
2018-04-20,Lunch,3999.9,0.0,0.0,0.0,0.0,0.0,0.0,0.0,0.0,0.0,0.0,0.0,0.0,0.0,0.0,0.0,0.0
2018-04-20,Dinner,2058.6,31.0,9.9,5.3,0.0,0.1,0.0,273.0,327.0,23.5,4.1,6.1,32.1,0.0,0.0,0.0,0.0
2018-04-20,Snacks,2815.8,0.0,0.0,0.0,0.0,0.0,0.0,15.5,346.1,5.4,0.0,0.1,0.6,0.0,0.0,2.5,7.4
2018-04-21,Breakfast,1500.0,0.0,0.0,0.0,0.0,0.0,0.0,0.0,0.0,0.0,0.0,0.0,0.0,0.0,0.0,0.0,0.0
2018-04-21,Lunch,209.2,0.8,0.0,0.8,0.0,0.0,0.0,2250.0,0.0,8.0,6.4,0.8,1.2,0.0,0.0,0.0,0.0
2018-04-21,Dinner,3999.9,0.0,0.0,0.0,0.0,0.0,0.0,0.0,0.0,0.0,0.0,0.0,0.0,0.0,0.0,0.0,0.0
2018-04-21,Snacks,4120.5,8.2,1.0,0.0,0.0,0.0,0.0,270.6,230.7,68.3,0.0,19.1,17.4,0.0,0.0,1.6,4.9
2018-04-22,Breakfast,247.3,4.2,2.7,0.0,0.0,0.0,0.0,195.4,5.0,3.4,0.4,0.5,1.8,0.0,0.0,0.0,1.0
2018-04-22,Lunch,4372.2,36.7,4.9,0.3,0.2,0.0,195.0,281.3,115.0,38.1,0.0,26.1,46.5,11.0,71.0,52.0,68.0
2018-04-22,Dinner,1431.8,21.2,4.0,5.2,0.0,0.1,0.0,59.7,293.7,10.7,2.9,4.3,29.5,12.5,16.0,0.5,1.0
2018-04-22,Snacks,2371.4,3.6,0.5,0.0,0.0,0.0,0.0,1452.1,576.8,31.0,6.6,15.2,12.5,0.0,0.0,4.1,12.3
2018-04-23,Breakfast,397.5,0.3,0.2,0.0,0.0,0.0,0.0,0.0,0.0,7.2,0.0,6.4,15.4,0.0,0.0,20.0,0.0
2018-04-23,Lunch,400.0,1.4,0.4,0.0,0.0,0.0,0.0,937.0,0.0,3.8,0.0,3.1,16.8,0.0,0.0,0.0,0.0
2018-04-23,Dinner,1883.6,12.9,3.0,0.7,3.5,0.0,81.4,55.3,617.0,43.0,8.5,6.3,41.9,14.8,15.6,3.1,15.9
2018-04-23,Snacks,439.3,0.5,0.0,0.2,0.0,0.0,0.0,51.0,385.0,27.1,5.5,18.5,1.1,241.6,18.2,2.9,1.9
2018-04-24,Breakfast,1780.4,16.6,4.0,2.9,7.8,0.0,276.7,346.8,281.9,15.2,2.5,1.4,12.5,11.9,6.0,4.6,8.2
2018-04-24,Lunch,1300.0,0.0,0.0,0.0,0.0,0.0,0.0,0.0,0.0,0.0,0.0,0.0,0.0,0.0,0.0,0.0,0.0
2018-04-24,Dinner,1869.4,1.0,0.0,0.0,0.0,0.0,0.0,0.0,440.0,40.0,6.0,6.0,6.0,13.8,9.6,0.6,6.1
2018-04-24,Snacks,1241.0,0.0,0.0,0.0,0.0,0.0,0.0,20.6,461.4,7.0,0.0,0.0,0.8,0.0,0.0,3.3,9.8
2018-04-25,Breakfast,2309.6,1.8,0.0,0.0,0.0,0.0,0.0,510.0,0.0,63.2,0.0,23.7,6.9,0.0,0.0,0.0,0.0
2018-04-25,Lunch,3614.2,16.0,1.8,0.0,0.0,0.0,0.0,626.4,0.0,79.6,0.0,0.9,12.6,0.0,0.0,0.0,0.0
2018-04-26,Breakfast,397.5,0.3,0.2,0.0,0.0,0.0,0.0,66.0,0.0,7.4,0.0,6.1,15.2,0.0,0.0,20.0,0.0
2018-04-26,Lunch,117.2,0.8,0.2,0.0,0.0,0.0,0.0,809.0,0.0,3.6,0.0,3.1,1.6,0.0,0.0,0.0,0.0
2018-04-26,Dinner,3226.7,8.5,0.9,0.0,0.0,0.0,0.0,313.2,220.0,59.8,3.0,3.5,9.3,6.9,4.8,0.3,3.1
2018-04-27,Breakfast,2350.3,27.2,7.5,2.2,4.3,0.0,276.7,985.8,104.9,45.4,0.0,0.9,25.1,10.9,0.0,4.3,7.2
2018-04-27,Lunch,276.1,2.8,0.2,0.0,0.0,0.0,0.0,1426.0,0.0,8.0,6.6,1.4,0.8,0.0,0.0,0.0,0.0
2018-04-27,Dinner,3179.4,39.9,8.4,0.0,0.0,0.0,0.0,1359.0,0.0,21.6,0.0,2.1,49.9,0.0,0.0,0.0,0.0
2018-04-27,Snacks,1003.8,0.8,0.3,0.0,0.0,0.0,0.0,0.3,0.0,28.7,0.0,13.8,10.7,0.0,0.0,0.0,0.0
2018-04-28,Breakfast,666.1,1.5,0.3,0.0,0.0,0.0,0.0,240.0,106.1,29.4,2.4,1.6,5.3,0.0,0.0,0.0,0.0
2018-04-28,Lunch,2594.1,24.0,9.0,0.0,0.0,0.0,40.0,1360.0,0.0,70.0,10.0,10.0,32.0,60.0,30.0,50.0,20.0
2018-04-28,Dinner,4083.7,14.1,3.8,3.3,5.3,0.0,73.4,797.6,524.3,52.0,0.0,0.0,30.3,7.3,9.2,9.2,28.7
2018-04-28,Snacks,2257.7,0.8,0.3,0.0,0.0,0.0,0.0,20.9,461.4,36.2,0.0,13.8,11.5,0.0,0.0,3.3,9.8
2018-04-29,Breakfast,2130.9,29.1,12.5,4.4,13.4,0.0,627.0,1055.5,167.3,14.7,0.5,2.9,31.0,23.5,9.1,9.9,28.0
2018-04-29,Lunch,3380.7,22.8,0.3,0.0,0.0,0.0,0.0,920.3,0.0,72.2,0.0,13.8,86.7,0.0,0.0,0.0,0.0
2018-04-30,Breakfast,410.0,0.3,0.2,0.0,0.0,0.0,0.0,64.0,0.0,8.0,0.0,7.0,15.2,0.0,0.0,20.0,0.0
2018-04-30,Lunch,117.2,0.8,0.2,0.0,0.0,0.0,0.0,809.0,0.0,3.6,0.0,3.1,1.6,0.0,0.0,0.0,0.0
2018-04-30,Dinner,451.9,1.9,0.5,0.5,0.6,0.1,0.0,54.0,410.0,1.0,0.0,1.0,22.1,0.0,0.0,0.0,0.0
2018-04-30,Snacks,1429.7,5.5,0.9,0.1,0.0,0.0,0.0,378.7,545.2,67.4,7.6,27.8,6.4,21.0,47.2,1.8,5.1
2018-05-01,Breakfast,1816.7,26.2,9.4,3.6,11.8,0.0,184.5,195.2,69.9,20.8,2.1,0.6,28.1,7.2,0.0,2.9,4.8
2018-05-01,Lunch,3246.0,1.2,0.3,0.0,0.0,0.0,0.0,256.0,0.0,0.3,0.0,0.0,30.4,0.0,0.0,0.0,0.0
2018-05-01,Dinner,1889.9,0.0,0.0,0.0,0.0,0.0,0.0,0.0,0.0,0.0,0.0,0.0,0.0,0.0,0.0,0.0,0.0
2018-05-01,Snacks,1150.6,6.3,1.0,0.1,0.0,0.0,0.0,134.0,577.0,55.1,4.5,15.1,4.4,2.6,12.2,3.9,12.9
2018-05-02,Breakfast,2011.3,17.5,7.2,0.0,0.0,0.0,0.0,286.0,0.0,33.6,0.0,22.9,26.7,0.0,0.0,20.0,0.0
2018-05-02,Lunch,1046.0,6.8,1.0,0.8,0.0,0.0,0.0,2383.0,422.0,43.0,7.4,0.8,5.2,1.0,1.0,3.0,12.0
2018-05-02,Dinner,3244.7,0.0,0.0,0.0,0.0,0.0,0.0,0.0,0.0,0.0,0.0,0.0,0.0,0.0,0.0,0.0,0.0
2018-05-02,Snacks,451.9,0.8,0.3,0.0,0.0,0.0,0.0,0.3,0.0,14.2,0.0,13.8,10.7,0.0,0.0,0.0,0.0
2018-05-03,Breakfast,397.5,0.3,0.2,0.0,0.0,0.0,0.0,0.0,0.0,7.2,0.0,6.4,15.4,0.0,0.0,20.0,0.0
2018-05-03,Lunch,3999.9,0.0,0.0,0.0,0.0,0.0,0.0,0.0,0.0,0.0,0.0,0.0,0.0,0.0,0.0,0.0,0.0
2018-05-03,Dinner,1993.8,14.4,5.1,1.5,6.6,0.0,0.0,814.0,393.4,52.7,4.3,14.4,34.9,19.4,20.8,0.8,4.6
2018-05-03,Snacks,665.2,6.4,3.7,0.0,0.0,0.0,0.0,16.0,182.0,28.4,2.1,24.6,1.9,1.4,84.0,2.8,0.0
2018-05-04,Breakfast,400.8,0.3,0.2,0.0,0.0,0.0,0.0,67.0,0.0,7.5,0.0,6.6,15.4,0.0,0.0,25.0,0.0
2018-05-04,Lunch,1576.2,20.3,7.1,3.0,9.4,0.0,184.5,587.7,97.3,6.2,0.3,1.2,35.3,7.2,0.0,2.9,5.3
2018-05-04,Dinner,2533.9,0.0,0.0,0.0,0.0,0.0,0.0,0.0,0.0,0.0,0.0,0.0,0.0,0.0,0.0,0.0,0.0
2018-05-04,Snacks,3144.3,14.7,0.0,0.0,0.0,0.0,0.0,90.5,346.1,27.7,2.8,16.1,7.4,0.0,305.0,2.5,7.4
2018-05-05,Breakfast,2251.9,14.0,4.0,1.5,2.8,0.0,184.5,602.2,69.9,59.8,4.5,1.1,35.8,7.2,0.0,2.9,4.8
2018-05-05,Lunch,2479.9,0.0,0.0,0.0,0.0,0.0,0.0,0.0,0.0,0.0,0.0,0.0,0.0,0.0,0.0,0.0,0.0
2018-05-05,Dinner,2999.9,0.0,0.0,0.0,0.0,0.0,0.0,0.0,0.0,0.0,0.0,0.0,0.0,0.0,0.0,0.0,0.0
2018-05-05,Snacks,836.8,9.5,2.2,0.0,0.0,0.0,22.7,205.5,0.0,21.3,1.0,15.4,1.9,0.6,0.0,1.7,5.9
2018-05-06,Breakfast,2812.9,36.4,13.1,4.6,16.3,0.0,184.5,257.5,69.9,31.5,5.4,1.3,43.9,7.2,0.0,2.9,4.8
2018-05-06,Lunch,725.9,3.9,0.4,0.0,0.0,0.0,0.0,1560.0,0.0,20.7,8.6,2.0,4.3,0.0,0.0,0.0,0.0
2018-05-06,Dinner,4999.9,0.0,0.0,0.0,0.0,0.0,0.0,0.0,0.0,0.0,0.0,0.0,0.0,0.0,0.0,0.0,0.0
2018-05-07,Breakfast,669.4,2.1,0.3,0.0,0.0,0.0,0.0,268.0,0.0,25.3,4.0,1.2,7.0,0.0,0.0,0.0,0.0
2018-05-07,Lunch,1500.8,1.2,0.0,0.0,0.0,0.0,0.0,1168.0,0.0,6.8,7.0,1.2,1.2,0.0,0.0,0.0,0.0
2018-05-07,Dinner,2099.6,0.5,0.0,0.0,0.0,0.0,0.0,0.0,220.0,20.0,3.0,3.0,3.0,6.9,4.8,0.3,3.1
2018-05-07,Snacks,2103.2,0.0,0.0,0.0,0.0,0.0,0.0,25.8,654.8,30.6,0.9,4.2,14.4,0.6,36.0,5.3,12.3
2018-05-08,Breakfast,400.8,0.3,0.2,0.0,0.0,0.0,0.0,67.0,0.0,7.5,0.0,6.6,15.4,0.0,0.0,25.0,0.0
2018-05-08,Lunch,117.2,0.8,0.2,0.0,0.0,0.0,0.0,809.0,0.0,3.6,0.0,3.1,1.6,0.0,0.0,0.0,0.0
2018-05-08,Dinner,2174.4,24.4,6.7,2.9,13.6,0.0,0.0,497.0,574.0,29.9,8.0,3.7,33.3,8.9,16.8,0.8,5.1
2018-05-08,Snacks,313.8,0.3,0.0,0.1,0.0,0.0,0.0,1.0,155.0,20.1,3.5,15.1,0.4,1.6,11.2,0.9,0.9
2018-05-09,Breakfast,1971.9,0.0,0.0,0.0,0.0,0.0,0.0,0.0,0.0,0.0,0.0,0.0,0.0,0.0,0.0,0.0,0.0
2018-05-09,Lunch,1366.9,0.0,0.0,0.0,0.0,0.0,0.0,0.0,0.0,0.0,0.0,0.0,0.0,0.0,0.0,0.0,0.0
2018-05-09,Dinner,2369.4,6.7,4.4,0.0,0.0,0.0,0.0,52.0,220.0,45.4,3.0,26.2,6.0,6.9,4.8,0.3,3.1
2018-05-09,Snacks,451.9,0.8,0.3,0.0,0.0,0.0,0.0,0.3,0.0,14.2,0.0,13.8,10.7,0.0,0.0,0.0,0.0
2018-05-10,Breakfast,407.1,0.3,0.2,0.0,0.0,0.0,0.0,0.0,0.0,8.0,0.0,6.0,15.2,0.0,0.0,0.0,0.0
2018-05-10,Lunch,117.2,0.8,0.2,0.0,0.0,0.0,0.0,809.0,0.0,3.6,0.0,3.1,1.6,0.0,0.0,0.0,0.0
2018-05-10,Dinner,2117.1,18.5,4.7,0.0,0.0,0.0,0.0,1422.0,220.0,37.3,3.0,12.5,49.9,6.9,4.8,0.3,3.1
2018-05-10,Snacks,439.3,0.4,0.1,0.1,0.0,0.0,0.0,1.0,422.0,27.0,3.1,14.0,1.3,1.0,17.0,0.0,1.0
2018-05-11,Breakfast,1631.0,21.6,6.5,2.2,6.3,0.0,184.5,1180.0,580.1,18.3,2.5,2.6,24.4,8.2,6.0,3.2,5.8
2018-05-11,Lunch,1200.0,0.0,0.0,0.0,0.0,0.0,0.0,0.0,0.0,0.0,0.0,0.0,0.0,0.0,0.0,0.0,0.0
2018-05-11,Dinner,3585.3,33.0,12.2,0.0,0.0,0.0,182.6,261.7,0.0,12.7,0.0,11.6,87.8,0.0,13.3,0.0,33.2
2018-05-11,Snacks,655.3,0.0,0.0,0.0,0.0,0.0,0.0,5.2,115.4,1.8,0.0,0.0,0.2,0.0,0.0,0.8,2.5
2018-05-12,Breakfast,1134.7,14.6,3.2,2.2,7.3,0.0,199.4,654.9,344.6,16.5,4.6,1.2,17.5,8.2,6.0,3.2,5.8
2018-05-12,Lunch,3499.9,0.0,0.0,0.0,0.0,0.0,0.0,0.0,0.0,0.0,0.0,0.0,0.0,0.0,0.0,0.0,0.0
2018-05-12,Dinner,4169.8,0.0,0.0,0.0,0.0,0.0,0.0,0.0,0.0,0.0,0.0,0.0,0.0,0.0,0.0,0.0,0.0
2018-05-12,Snacks,2571.1,0.5,0.0,0.0,0.0,0.0,0.0,105.0,0.0,5.5,0.0,3.5,5.5,0.0,0.0,0.0,0.0
2018-05-13,Breakfast,2422.1,31.8,10.9,4.4,14.8,0.0,276.7,413.2,104.9,35.2,4.3,1.5,35.7,10.9,0.0,4.3,7.2
2018-05-13,Lunch,276.1,2.8,0.2,0.0,0.0,0.0,0.0,1426.0,0.0,8.0,6.6,1.4,0.8,0.0,0.0,0.0,0.0
2018-05-13,Dinner,1289.5,0.5,0.0,0.0,0.0,0.0,0.0,0.0,0.0,7.0,0.0,0.0,1.8,0.0,0.0,0.0,0.0
2018-05-13,Snacks,5224.9,3.8,2.3,0.2,0.0,0.0,0.0,28.0,577.0,59.8,6.6,40.7,3.2,2.6,28.2,0.9,1.9
2018-05-14,Breakfast,1348.6,16.1,5.1,2.2,5.3,0.0,276.7,806.8,300.9,14.6,2.1,1.7,21.4,10.9,0.0,4.3,7.2
2018-05-14,Lunch,2064.8,11.9,3.8,0.0,0.0,0.0,140.6,91.2,220.0,20.0,3.0,3.0,63.8,6.9,4.8,4.1,18.3
2018-05-14,Dinner,2999.9,0.0,0.0,0.0,0.0,0.0,0.0,0.0,0.0,0.0,0.0,0.0,0.0,0.0,0.0,0.0,0.0
2018-05-14,Snacks,1410.0,2.5,0.7,0.1,0.0,0.0,0.0,840.3,155.0,50.5,3.5,40.7,29.9,1.6,11.2,0.9,0.9
2018-05-15,Breakfast,397.5,0.3,0.2,0.0,0.0,0.0,0.0,0.0,0.0,7.2,0.0,6.4,15.4,0.0,0.0,20.0,0.0
2018-05-15,Lunch,3919.2,0.0,0.0,0.0,0.0,0.0,0.0,0.0,0.0,0.0,0.0,0.0,0.0,0.0,0.0,0.0,0.0
2018-05-15,Dinner,1889.9,0.0,0.0,0.0,0.0,0.0,0.0,0.0,0.0,0.0,0.0,0.0,0.0,0.0,0.0,0.0,0.0
2018-05-16,Breakfast,400.8,0.3,0.2,0.0,0.0,0.0,0.0,67.0,0.0,7.5,0.0,6.6,15.4,0.0,0.0,25.0,0.0
2018-05-16,Lunch,117.2,0.8,0.2,0.0,0.0,0.0,0.0,809.0,0.0,3.6,0.0,3.1,1.6,0.0,0.0,0.0,0.0
2018-05-16,Dinner,1600.4,8.7,2.6,0.0,0.0,0.0,96.2,62.4,220.0,25.3,3.0,3.0,46.0,6.9,4.8,2.9,13.5
2018-05-16,Snacks,313.8,0.3,0.0,0.1,0.0,0.0,0.0,1.0,155.0,20.1,3.5,15.1,0.4,1.6,11.2,0.9,0.9
2018-05-17,Breakfast,1121.8,7.0,2.2,0.0,2.0,0.0,0.0,829.0,196.0,27.1,4.2,2.1,15.4,0.0,0.0,0.0,0.0
2018-05-17,Lunch,1129.7,2.3,0.0,0.0,0.0,0.0,0.0,416.0,220.0,23.5,4.7,6.0,41.4,6.9,4.8,0.3,3.1
2018-05-17,Dinner,1468.5,0.0,0.0,0.0,0.0,0.0,0.0,36.0,0.0,1.2,5.1,1.2,5.7,0.0,0.0,0.0,0.0
2018-05-17,Snacks,2627.9,17.6,12.2,0.1,0.0,0.0,0.0,54.0,155.0,54.3,3.5,41.0,3.7,1.6,11.2,0.9,0.9
2018-05-18,Breakfast,1236.8,12.1,1.4,3.3,4.9,0.0,0.0,354.6,130.4,34.3,7.2,3.4,11.0,1.0,0.0,0.0,1.6
2018-05-18,Lunch,1329.7,2.3,0.0,0.0,0.0,0.0,0.0,416.0,220.0,23.5,4.7,6.0,41.4,6.9,4.8,0.3,3.1
2018-05-18,Dinner,3999.9,0.0,0.0,0.0,0.0,0.0,0.0,0.0,0.0,0.0,0.0,0.0,0.0,0.0,0.0,0.0,0.0
2018-05-18,Snacks,2964.4,21.9,13.2,0.1,0.0,0.0,0.0,66.8,501.1,64.6,3.5,53.7,15.7,1.6,11.2,3.4,8.3
2018-05-19,Breakfast,1685.4,18.4,4.7,3.1,5.2,0.0,184.5,919.7,330.9,34.3,6.4,3.9,23.4,7.2,0.0,2.9,6.4
2018-05-19,Lunch,1825.1,0.0,0.0,0.0,0.0,0.0,0.0,0.0,0.0,0.0,0.0,0.0,0.0,0.0,0.0,0.0,0.0
2018-05-19,Dinner,4999.9,0.0,0.0,0.0,0.0,0.0,0.0,0.0,0.0,0.0,0.0,0.0,0.0,0.0,0.0,0.0,0.0
2018-05-19,Snacks,891.2,1.2,0.4,0.1,0.0,0.0,0.0,1.3,422.0,41.2,3.1,27.8,12.0,1.0,17.0,0.0,1.0
2018-05-20,Breakfast,2428.9,26.3,8.0,4.5,8.5,0.1,553.4,934.7,405.8,17.8,2.8,2.6,30.4,21.7,0.0,8.6,15.3
2018-05-20,Lunch,1815.8,14.0,1.0,1.3,0.0,0.0,87.0,539.0,215.3,41.7,5.6,5.6,44.7,2.1,0.2,1.3,6.6
2018-05-20,Dinner,1089.1,0.0,0.0,0.0,0.0,0.0,0.0,0.0,0.0,0.0,0.0,0.0,0.0,0.0,0.0,0.0,0.0
2018-05-20,Snacks,1089.1,5.8,3.1,0.0,0.0,0.0,0.0,37.3,0.0,40.1,1.6,35.2,11.4,0.0,25.0,0.0,2.0
2018-05-21,Breakfast,397.5,0.3,0.2,0.0,0.0,0.0,0.0,0.0,0.0,7.2,0.0,6.4,15.4,0.0,0.0,20.0,0.0
2018-05-21,Lunch,117.2,0.8,0.2,0.0,0.0,0.0,0.0,809.0,0.0,3.6,0.0,3.1,1.6,0.0,0.0,0.0,0.0
2018-05-21,Dinner,1392.8,0.0,0.0,0.0,0.0,0.0,0.0,0.0,0.0,0.0,0.0,0.0,0.0,0.0,0.0,0.0,0.0
2018-05-21,Snacks,1000.0,6.6,4.3,0.1,0.0,0.0,0.0,35.0,422.0,44.5,3.1,27.7,3.6,1.0,17.0,0.0,1.0
2018-05-22,Breakfast,397.5,0.3,0.2,0.0,0.0,0.0,0.0,66.0,0.0,7.4,0.0,6.1,15.2,0.0,0.0,20.0,0.0
2018-05-22,Lunch,3499.9,0.0,0.0,0.0,0.0,0.0,0.0,0.0,0.0,0.0,0.0,0.0,0.0,0.0,0.0,0.0,0.0
2018-05-22,Dinner,2530.8,32.6,5.6,6.5,7.0,0.1,0.0,57.0,574.0,35.4,8.0,3.5,33.7,8.9,16.8,0.8,5.1
2018-05-22,Snacks,1358.9,7.6,4.1,0.0,0.0,0.0,0.0,10.3,38.8,57.0,2.2,50.3,1.3,0.4,27.8,0.2,2.2
2018-05-23,Breakfast,1956.5,17.3,4.4,2.4,4.2,0.0,184.5,1059.5,304.9,49.5,8.9,5.0,25.4,7.2,0.0,2.9,7.2
2018-05-23,Lunch,1288.7,11.0,2.4,0.0,0.0,0.0,0.0,1510.0,0.0,33.6,0.0,13.8,16.6,0.0,0.0,0.0,0.0
2018-05-23,Dinner,3999.9,0.0,0.0,0.0,0.0,0.0,0.0,0.0,0.0,0.0,0.0,0.0,0.0,0.0,0.0,0.0,0.0
2018-05-23,Snacks,903.7,1.6,0.6,0.0,0.0,0.0,0.0,0.6,0.0,28.4,0.0,27.6,21.4,0.0,0.0,0.0,0.0
2018-05-24,Breakfast,1909.6,19.7,6.5,2.1,4.9,0.1,184.5,1225.5,550.4,19.5,2.4,2.8,26.9,7.7,3.0,3.0,5.3
2018-05-24,Lunch,209.2,0.8,0.0,0.8,0.0,0.0,0.0,2250.0,0.0,8.0,6.4,0.8,1.2,0.0,0.0,0.0,0.0
2018-05-24,Dinner,3750.3,21.9,4.1,5.2,0.0,0.1,0.0,123.5,1620.0,97.3,14.8,21.6,38.8,582.9,154.9,8.7,18.7
2018-05-24,Snacks,748.9,6.9,4.2,0.0,0.0,0.0,0.0,17.0,0.0,27.3,0.2,23.2,1.8,0.0,0.0,0.0,0.0
2018-05-25,Breakfast,397.5,0.3,0.2,0.0,0.0,0.0,0.0,66.0,0.0,7.4,0.0,6.1,15.2,0.0,0.0,20.0,0.0
2018-05-25,Lunch,995.0,1.8,0.0,0.0,0.0,0.0,0.0,416.0,0.0,3.5,1.7,3.0,38.4,0.0,0.0,0.0,0.0
2018-05-25,Dinner,3999.9,0.0,0.0,0.0,0.0,0.0,0.0,0.0,0.0,0.0,0.0,0.0,0.0,0.0,0.0,0.0,0.0
2018-05-25,Snacks,1020.9,1.4,0.6,0.0,0.0,0.0,0.0,30.0,0.0,22.0,2.6,0.6,2.6,0.0,0.0,0.0,0.0
2018-05-26,Breakfast,1859.8,22.4,9.8,4.1,4.3,0.0,184.5,1523.7,887.9,27.7,2.3,3.9,26.5,11.7,0.0,4.4,6.3
2018-05-26,Lunch,820.1,7.1,2.6,1.0,2.0,0.0,185.0,745.0,70.0,6.3,4.2,1.8,25.7,6.0,0.0,2.0,4.0
2018-05-26,Dinner,2410.3,8.2,0.6,0.0,0.0,0.0,0.0,885.1,0.0,101.9,0.0,15.1,24.8,0.0,0.0,0.0,0.0
2018-05-26,Snacks,4286.4,47.4,25.5,0.0,0.0,0.0,0.0,138.5,346.1,50.0,0.0,26.7,16.2,16.8,0.0,46.9,7.4
2018-05-27,Breakfast,1648.5,14.4,2.7,3.1,4.8,0.0,0.0,341.0,130.0,32.9,9.9,2.8,18.8,0.0,0.0,0.0,0.0
2018-05-27,Lunch,1500.0,0.0,0.0,0.0,0.0,0.0,0.0,0.0,0.0,0.0,0.0,0.0,0.0,0.0,0.0,0.0,0.0
2018-05-27,Dinner,3415.0,0.0,0.0,0.0,0.0,0.0,0.0,0.0,0.0,0.0,0.0,0.0,0.0,0.0,0.0,0.0,0.0
2018-05-27,Snacks,783.2,2.9,0.2,0.0,0.0,0.0,0.0,1426.0,0.0,15.6,8.0,9.0,1.6,0.0,152.5,0.0,0.0
2018-05-28,Breakfast,397.5,0.3,0.2,0.0,0.0,0.0,0.0,0.0,0.0,7.2,0.0,6.4,15.4,0.0,0.0,20.0,0.0
2018-05-28,Lunch,2143.9,30.5,11.5,1.1,13.8,0.0,124.6,102.9,472.4,0.0,0.0,0.0,37.9,0.0,0.0,1.9,26.0
2018-05-28,Dinner,4008.2,1.2,0.4,0.0,0.0,0.0,60.0,1736.0,0.0,104.4,6.6,8.6,30.0,0.0,0.0,0.0,0.0
2018-05-28,Snacks,2225.9,12.4,5.6,0.2,0.1,0.0,0.0,252.0,206.0,66.4,6.0,18.4,6.2,0.0,12.0,1.0,1.0
2018-05-29,Breakfast,400.8,0.3,0.2,0.0,0.0,0.0,0.0,67.0,0.0,7.5,0.0,6.6,15.4,0.0,0.0,25.0,0.0
2018-05-29,Lunch,2122.5,22.6,4.1,2.0,1.2,0.0,0.0,1708.6,409.0,17.6,4.9,9.3,61.1,0.0,9.5,5.9,11.8
2018-05-29,Dinner,2000.0,0.0,0.0,0.0,0.0,0.0,0.0,0.0,0.0,0.0,0.0,0.0,0.0,0.0,0.0,0.0,0.0
2018-05-29,Snacks,2935.6,0.0,0.0,0.0,0.0,0.0,0.0,45.2,115.4,47.5,0.0,0.0,6.5,0.0,0.0,0.8,2.5
2018-05-30,Breakfast,397.5,0.3,0.2,0.0,0.0,0.0,0.0,66.0,0.0,7.4,0.0,6.1,15.2,0.0,0.0,20.0,0.0
2018-05-30,Lunch,117.2,0.8,0.2,0.0,0.0,0.0,0.0,809.0,0.0,3.6,0.0,3.1,1.6,0.0,0.0,0.0,0.0
2018-05-30,Dinner,2178.9,25.3,9.2,0.9,11.0,0.0,99.8,82.4,598.5,42.7,5.7,17.7,34.8,6.9,7.5,1.8,24.0
2018-05-31,Breakfast,1761.0,22.0,2.7,1.5,2.8,0.0,184.5,1049.0,69.9,16.1,3.9,1.1,23.8,7.2,0.0,2.9,4.8
2018-05-31,Lunch,1288.7,11.0,2.4,0.0,0.0,0.0,0.0,1510.0,0.0,33.6,0.0,13.8,16.6,0.0,0.0,0.0,0.0
2018-05-31,Dinner,3007.5,18.4,5.6,0.0,0.0,0.0,0.0,1518.0,0.0,46.6,3.2,7.0,61.2,0.0,0.0,0.0,0.0
2018-05-31,Snacks,1776.0,0.7,0.1,0.2,0.0,0.0,0.0,17.5,923.1,52.4,6.6,29.1,2.3,2.6,28.2,3.4,9.3
2018-06-01,Breakfast,3449.2,6.8,2.0,1.5,2.8,0.0,184.5,95.2,69.9,0.4,0.0,0.2,6.3,7.2,0.0,2.9,4.8
2018-06-01,Lunch,209.2,0.8,0.0,0.8,0.0,0.0,0.0,2250.0,0.0,8.0,6.4,0.8,1.2,0.0,0.0,0.0,0.0
2018-06-01,Dinner,2253.0,13.6,1.6,0.0,0.0,0.0,0.0,1251.0,0.0,85.4,1.0,5.1,13.9,0.0,0.0,0.0,0.0
2018-06-01,Snacks,1051.9,0.8,0.3,0.0,0.0,0.0,0.0,0.3,0.0,14.2,0.0,13.8,10.7,0.0,0.0,0.0,0.0
2018-06-03,Breakfast,400.8,0.3,0.2,0.0,0.0,0.0,0.0,67.0,0.0,7.5,0.0,6.6,15.4,0.0,0.0,25.0,0.0
2018-06-03,Lunch,1585.3,24.7,8.8,4.5,8.5,0.1,553.4,1370.7,209.8,13.4,8.0,4.4,21.1,21.7,0.0,8.6,14.5
2018-06-03,Dinner,2139.2,20.4,0.2,0.2,0.0,0.0,0.0,1373.0,1046.0,59.9,4.9,19.6,22.6,23.0,408.0,1.0,9.0
2018-06-03,Snacks,1786.5,22.3,13.8,0.1,0.0,0.0,0.0,42.0,422.0,54.2,3.1,40.5,5.5,1.0,17.0,0.0,1.0
2018-06-04,Breakfast,410.0,0.3,0.2,0.0,0.0,0.0,0.0,64.0,0.0,8.0,0.0,7.0,15.2,0.0,0.0,20.0,0.0
2018-06-04,Lunch,1250.2,0.0,0.0,0.0,0.0,0.0,0.0,0.0,0.0,0.0,0.0,0.0,0.0,0.0,0.0,0.0,0.0
2018-06-04,Dinner,3723.8,26.0,10.0,0.0,0.0,0.0,60.0,1580.0,0.0,111.0,4.0,8.0,29.0,24.0,48.0,40.0,32.0
2018-06-04,Snacks,838.0,0.2,0.0,0.1,0.0,0.0,0.0,60.3,460.7,10.5,2.0,3.4,1.1,240.0,7.0,3.6,5.9
2018-06-05,Breakfast,410.0,0.3,0.2,0.0,0.0,0.0,0.0,64.0,0.0,8.0,0.0,7.0,15.2,0.0,0.0,20.0,0.0
2018-06-05,Lunch,2917.1,40.7,14.6,1.5,2.8,0.0,184.5,1270.2,69.9,48.4,0.0,0.2,31.8,7.2,0.0,2.9,4.8
2018-06-05,Snacks,146.4,0.0,0.0,0.0,0.0,0.0,0.0,0.0,116.0,9.0,1.0,7.0,1.0,9.0,29.0,2.5,0.7
2018-06-06,Breakfast,1074.5,11.0,0.7,0.0,0.0,0.0,0.0,692.9,0.0,16.4,4.2,1.0,14.3,0.0,0.0,0.0,0.0
2018-06-06,Lunch,1559.0,0.0,0.0,0.0,0.0,0.0,0.0,0.0,0.0,0.0,0.0,0.0,0.0,0.0,0.0,0.0,0.0
2018-06-06,Dinner,3999.9,0.0,0.0,0.0,0.0,0.0,0.0,0.0,0.0,0.0,0.0,0.0,0.0,0.0,0.0,0.0,0.0
2018-06-06,Snacks,2230.1,17.1,2.3,0.0,0.0,0.0,30.0,203.5,115.4,38.3,0.0,26.9,16.2,0.0,0.0,2.8,6.5
2018-06-07,Breakfast,1029.3,1.1,0.3,0.0,0.0,0.0,0.0,430.0,0.0,42.1,0.0,6.9,8.7,0.0,0.0,0.0,0.0
2018-06-07,Lunch,1110.0,0.0,0.0,0.0,0.0,0.0,0.0,0.0,0.0,0.0,0.0,0.0,0.0,0.0,0.0,0.0,0.0
2018-06-07,Dinner,1751.0,21.0,4.0,5.1,0.0,0.1,0.0,52.0,0.0,1.0,0.0,0.0,27.0,0.0,0.0,0.0,0.0
2018-06-07,Snacks,3510.3,16.4,2.1,0.1,0.0,0.0,30.0,161.8,998.8,54.8,3.1,25.0,4.3,1.0,17.0,6.1,17.3
2018-06-08,Breakfast,1618.0,21.4,3.0,2.2,6.3,0.0,184.5,857.7,246.9,25.5,2.5,4.0,18.7,8.2,6.0,3.2,5.8
2018-06-08,Lunch,3062.7,27.0,5.4,0.0,0.0,0.0,72.7,994.2,0.0,95.7,3.0,27.0,33.2,2.0,0.0,12.0,0.0
2018-06-08,Dinner,2999.9,0.0,0.0,0.0,0.0,0.0,0.0,0.0,0.0,0.0,0.0,0.0,0.0,0.0,0.0,0.0,0.0
2018-06-08,Snacks,1077.3,0.0,0.0,0.0,0.0,0.0,0.0,15.5,462.1,14.3,1.0,7.0,1.6,9.0,29.0,5.0,8.1
2018-06-09,Breakfast,1569.5,17.3,3.5,2.2,6.3,0.0,184.5,307.7,246.9,37.2,7.1,16.0,15.2,8.2,6.0,3.2,5.8
2018-06-09,Lunch,1179.9,0.0,0.0,0.0,0.0,0.0,0.0,0.0,0.0,0.0,0.0,0.0,0.0,0.0,0.0,0.0,0.0
2018-06-09,Dinner,2529.2,18.0,4.8,0.0,0.0,0.0,0.0,1600.0,220.0,38.2,3.0,14.4,64.0,6.9,4.8,20.3,3.1
2018-06-09,Snacks,667.3,4.0,0.0,0.0,0.0,0.0,0.0,0.0,0.0,15.0,0.0,0.0,4.5,0.0,0.0,0.0,0.0
2018-06-10,Breakfast,2200.0,0.0,0.0,0.0,0.0,0.0,0.0,0.0,0.0,0.0,0.0,0.0,0.0,0.0,0.0,0.0,0.0
2018-06-10,Lunch,2000.0,0.0,0.0,0.0,0.0,0.0,0.0,0.0,0.0,0.0,0.0,0.0,0.0,0.0,0.0,0.0,0.0
2018-06-10,Dinner,2408.3,21.9,7.1,0.0,0.0,0.0,0.0,668.5,0.0,62.9,6.8,23.8,11.7,0.0,0.0,0.0,0.0
2018-06-10,Snacks,2003.3,15.7,5.0,0.8,0.0,0.0,0.0,3267.0,555.0,48.8,6.4,35.8,32.7,0.0,0.0,244.0,0.0
2018-06-11,Breakfast,1184.1,10.3,0.2,0.0,0.0,0.0,0.0,825.0,0.0,31.1,4.9,1.6,12.8,0.0,0.0,0.0,35.0
2018-06-11,Lunch,1233.9,0.0,0.0,0.0,0.0,0.0,0.0,0.0,0.0,0.0,0.0,0.0,0.0,0.0,0.0,0.0,0.0
2018-06-11,Dinner,2999.9,0.0,0.0,0.0,0.0,0.0,0.0,0.0,0.0,0.0,0.0,0.0,0.0,0.0,0.0,0.0,0.0
2018-06-11,Snacks,2250.2,0.7,0.1,0.2,0.0,0.0,5.0,142.3,807.7,63.6,6.6,41.1,10.1,12.6,32.2,32.5,6.8
2018-06-12,Breakfast,1188.2,11.4,1.5,3.1,4.8,0.0,0.0,331.0,130.0,32.8,6.5,2.4,10.5,0.0,0.0,0.0,35.0
2018-06-12,Lunch,1179.9,0.0,0.0,0.0,0.0,0.0,0.0,0.0,0.0,0.0,0.0,0.0,0.0,0.0,0.0,0.0,0.0
2018-06-12,Dinner,2220.4,18.9,9.3,0.0,0.0,0.0,114.0,241.5,923.0,20.7,3.0,3.0,52.1,6.9,4.8,20.3,3.1
2018-06-12,Snacks,2133.8,6.5,0.6,0.2,0.0,0.0,0.0,286.0,577.0,48.5,7.8,30.1,3.9,2.6,28.2,27.9,1.9
2018-06-13,Breakfast,1210.1,16.3,2.1,1.5,2.8,0.0,184.5,780.2,69.9,16.5,2.5,1.0,16.4,7.2,0.0,2.9,22.3
2018-06-13,Lunch,1288.7,11.0,2.4,0.0,0.0,0.0,0.0,1510.0,0.0,33.6,0.0,13.8,16.6,0.0,0.0,0.0,0.0
2018-06-13,Dinner,4364.0,26.0,10.0,0.0,0.0,0.0,60.0,1580.0,0.0,133.9,4.0,8.0,28.0,24.0,48.0,40.0,32.0
2018-06-13,Snacks,1640.1,0.6,0.0,0.0,0.0,0.0,0.0,0.0,0.0,36.0,0.0,0.0,4.0,0.0,0.0,0.0,6.0
2018-06-14,Breakfast,1780.2,21.6,4.7,0.0,0.0,0.0,0.0,1234.5,0.0,32.3,4.9,1.6,21.9,0.0,0.0,20.0,35.0
2018-06-14,Lunch,1730.1,11.4,4.8,0.0,0.0,0.0,114.0,104.5,703.0,0.0,0.0,0.0,43.7,0.0,0.0,0.0,0.0
2018-06-14,Dinner,3999.9,0.0,0.0,0.0,0.0,0.0,0.0,0.0,0.0,0.0,0.0,0.0,0.0,0.0,0.0,0.0,0.0
2018-06-14,Snacks,702.9,0.0,0.0,0.0,0.0,0.0,0.0,0.0,0.0,0.0,0.0,0.0,0.0,0.0,0.0,0.0,0.0
2018-06-15,Breakfast,400.8,0.3,0.2,0.0,0.0,0.0,0.0,67.0,0.0,7.5,0.0,6.6,15.4,0.0,0.0,25.0,0.0
2018-06-15,Lunch,2273.6,18.0,7.0,0.0,0.0,0.0,60.0,1140.0,0.0,43.0,5.0,2.0,19.0,6.0,6.0,10.0,20.0
2018-06-15,Dinner,2663.1,8.8,0.9,0.0,0.0,0.0,0.0,323.6,220.0,61.1,3.0,3.5,9.5,6.9,4.8,0.3,3.1
2018-06-15,Snacks,1227.6,0.8,0.3,0.0,0.0,0.0,0.0,13.2,288.4,18.6,0.0,13.8,11.2,0.0,0.0,2.1,6.2
2018-06-16,Breakfast,2522.5,31.7,11.4,1.5,2.8,0.0,184.5,1553.8,69.9,42.2,0.0,0.7,35.4,7.2,0.0,22.9,4.8
2018-06-16,Lunch,2008.4,28.0,7.5,0.0,0.0,1.0,50.0,620.0,0.0,39.0,6.0,2.0,18.0,8.0,4.0,12.0,12.0
2018-06-16,Dinner,1759.0,0.0,0.0,0.0,0.0,0.0,0.0,0.0,0.0,0.0,0.0,0.0,0.0,0.0,0.0,0.0,0.0
2018-06-16,Snacks,3536.8,1.8,0.4,0.0,0.0,0.0,0.0,50.0,0.0,14.2,0.7,24.3,12.7,0.0,0.0,0.0,0.0
2018-06-17,Breakfast,2436.7,32.2,10.2,2.2,6.3,0.0,184.5,1057.3,246.9,45.2,2.5,1.0,27.5,8.2,6.0,23.2,5.8
2018-06-17,Lunch,431.0,7.8,0.2,0.1,0.0,0.0,0.0,1221.0,200.0,16.2,8.4,21.6,2.4,15.0,20.0,0.0,0.0
2018-06-17,Snacks,451.9,0.8,0.3,0.0,0.0,0.0,0.0,0.3,0.0,14.2,0.0,13.8,10.7,0.0,0.0,0.0,0.0
2018-06-18,Breakfast,400.8,0.3,0.2,0.0,0.0,0.0,0.0,67.0,0.0,7.5,0.0,6.6,15.4,0.0,0.0,25.0,0.0
2018-06-18,Lunch,1200.0,0.0,0.0,0.0,0.0,0.0,0.0,0.0,0.0,0.0,0.0,0.0,0.0,0.0,0.0,0.0,0.0
2018-06-18,Dinner,1907.1,3.0,2.1,0.2,0.0,0.0,0.0,747.5,477.0,20.6,2.3,6.5,9.2,0.0,6.0,0.0,4.5
2018-06-18,Snacks,1355.6,3.9,2.3,0.2,0.0,0.0,0.0,188.3,664.0,69.0,5.5,40.2,15.3,10.0,123.0,2.5,1.7
2018-06-19,Breakfast,1188.2,11.4,1.5,3.1,4.8,0.0,0.0,331.0,130.0,32.8,6.5,2.4,10.5,0.0,0.0,0.0,35.0
2018-06-19,Lunch,1700.0,0.0,0.0,0.0,0.0,0.0,0.0,0.0,0.0,0.0,0.0,0.0,0.0,0.0,0.0,0.0,0.0
2018-06-19,Dinner,2750.1,0.0,0.0,0.0,0.0,0.0,0.0,0.0,0.0,0.0,0.0,0.0,0.0,0.0,0.0,0.0,0.0
2018-06-19,Snacks,3133.7,0.6,0.0,0.2,0.0,0.0,0.0,16.0,638.0,82.3,9.0,44.2,4.3,21.2,80.4,7.8,3.2
2018-06-20,Breakfast,397.5,0.3,0.2,0.0,0.0,0.0,0.0,66.0,0.0,7.4,0.0,6.1,15.2,0.0,0.0,20.0,0.0
2018-06-20,Lunch,117.2,0.8,0.2,0.0,0.0,0.0,0.0,809.0,0.0,3.6,0.0,3.1,1.6,0.0,0.0,0.0,0.0
2018-06-20,Dinner,1907.1,18.9,6.6,0.0,0.0,0.0,0.0,2040.0,220.0,25.4,3.0,8.4,35.4,6.9,4.8,0.3,3.1
2018-06-20,Snacks,213.4,0.0,0.0,0.0,0.0,0.0,0.0,0.0,248.0,13.0,2.0,11.0,1.0,0.0,0.0,0.0,0.0
2018-06-21,Breakfast,1937.2,13.3,3.0,2.2,6.3,0.0,184.5,242.7,246.9,19.1,2.5,0.7,9.7,8.2,6.0,3.2,5.8
2018-06-21,Lunch,1389.1,13.6,3.8,0.0,0.0,0.0,0.0,1668.0,0.0,29.4,0.0,13.8,20.2,0.0,0.0,0.0,0.0
2018-06-21,Dinner,2569.0,26.2,12.7,0.0,0.0,0.0,0.0,650.0,220.0,72.9,5.4,7.4,23.2,31.9,45.8,0.3,3.1
2018-06-21,Snacks,1747.7,0.3,0.0,0.1,0.0,0.0,0.0,11.3,633.7,36.6,5.5,26.1,1.8,1.6,11.2,2.5,5.8
2018-06-22,Breakfast,397.5,0.3,0.2,0.0,0.0,0.0,0.0,66.0,0.0,7.4,0.0,6.1,15.2,0.0,0.0,20.0,0.0
2018-06-22,Lunch,3870.2,32.5,12.5,0.0,0.0,0.0,75.0,1975.0,0.0,125.0,5.0,10.0,35.0,30.0,60.0,50.0,40.0
2018-06-22,Dinner,1930.2,28.2,8.5,0.0,0.0,0.0,0.0,486.7,230.3,19.0,8.2,18.8,34.9,0.0,0.0,6.8,30.6
2018-06-22,Snacks,2451.9,1.3,0.3,0.0,0.0,0.0,0.0,105.3,0.0,19.7,0.0,17.3,16.2,0.0,0.0,0.0,0.0
2018-06-25,Breakfast,397.5,0.3,0.2,0.0,0.0,0.0,0.0,66.0,0.0,7.2,0.0,6.4,15.4,0.0,0.0,20.0,0.0
2018-06-25,Lunch,631.8,12.8,1.7,1.1,2.0,0.0,185.0,1496.0,270.0,12.4,7.6,21.4,7.6,21.0,20.0,2.0,4.0
2018-06-25,Dinner,4041.8,26.0,10.0,0.0,0.0,0.0,60.0,1580.0,0.0,111.2,4.0,8.0,28.0,24.0,48.0,40.0,32.0
2018-06-25,Snacks,2654.8,0.3,0.0,0.1,0.0,0.0,0.0,41.0,155.0,58.1,3.5,15.1,6.7,1.6,11.2,0.9,0.9
2018-06-26,Breakfast,410.0,0.5,0.3,0.0,0.0,0.0,0.0,66.0,0.0,7.8,0.0,6.4,15.2,0.0,0.0,23.0,0.0
2018-06-26,Lunch,117.2,0.8,0.2,0.0,0.0,0.0,0.0,809.0,0.0,3.6,0.0,3.1,1.6,0.0,0.0,0.0,0.0
2018-06-26,Dinner,2264.8,14.3,8.6,0.1,0.0,0.0,0.0,15.0,1272.5,63.7,8.5,5.0,38.7,6.9,86.8,10.1,44.5
2018-06-27,Breakfast,400.8,0.3,0.2,0.0,0.0,0.0,0.0,67.0,0.0,7.5,0.0,6.6,15.4,0.0,0.0,25.0,0.0
2018-06-27,Lunch,117.2,0.8,0.2,0.0,0.0,0.0,0.0,809.0,0.0,3.6,0.0,3.1,1.6,0.0,0.0,0.0,0.0
2018-06-27,Dinner,1884.0,8.7,5.1,0.1,0.0,0.0,0.0,15.0,1272.5,63.7,8.5,5.0,26.1,6.9,86.8,7.3,31.9
2018-06-27,Snacks,213.4,0.0,0.0,0.0,0.0,0.0,0.0,0.0,248.0,13.0,2.0,11.0,1.0,0.0,0.0,0.0,0.0
2018-06-28,Breakfast,1901.6,26.2,10.0,2.2,6.3,0.0,184.5,881.6,246.9,19.5,6.7,1.5,28.0,8.2,6.0,23.2,5.8
2018-06-28,Lunch,1200.0,0.0,0.0,0.0,0.0,0.0,0.0,0.0,0.0,0.0,0.0,0.0,0.0,0.0,0.0,0.0,0.0
2018-06-28,Dinner,2688.7,27.8,13.4,0.0,0.0,0.0,0.0,800.0,220.0,73.3,5.4,7.0,26.3,31.9,45.8,0.3,3.1
2018-06-28,Snacks,2807.9,0.7,0.1,0.1,0.0,0.0,0.0,21.6,1131.4,59.5,5.1,36.8,14.6,1.0,17.0,3.3,10.8
2018-06-29,Breakfast,1078.6,12.1,2.0,3.1,4.8,0.0,0.0,198.9,130.0,18.1,5.8,1.8,12.0,0.0,0.0,0.0,0.0
2018-06-29,Lunch,2999.9,0.0,0.0,0.0,0.0,0.0,0.0,0.0,0.0,0.0,0.0,0.0,0.0,0.0,0.0,0.0,0.0
2018-06-29,Dinner,2999.9,0.0,0.0,0.0,0.0,0.0,0.0,0.0,0.0,0.0,0.0,0.0,0.0,0.0,0.0,0.0,0.0
2018-06-29,Snacks,1298.3,0.5,0.3,0.0,0.0,0.0,0.0,76.3,230.7,11.2,0.0,6.6,15.8,0.0,0.0,195.6,4.9
2018-07-01,Breakfast,410.0,0.5,0.3,0.0,0.0,0.0,0.0,66.0,0.0,7.8,0.0,6.4,15.2,0.0,0.0,23.0,0.0
2018-07-01,Lunch,2600.0,0.0,0.0,0.0,0.0,0.0,0.0,0.0,0.0,0.0,0.0,0.0,0.0,0.0,0.0,0.0,0.0
2018-07-01,Dinner,3427.1,0.0,0.0,0.0,0.0,0.0,0.0,0.0,0.0,0.0,0.0,0.0,0.0,0.0,0.0,0.0,0.0
2018-07-01,Snacks,1655.2,0.3,0.0,0.0,0.0,0.0,0.0,20.6,461.4,19.5,0.0,11.8,12.3,0.0,0.0,3.3,9.8
2018-07-02,Breakfast,400.8,0.3,0.2,0.0,0.0,0.0,0.0,67.0,0.0,7.5,0.0,6.6,15.4,0.0,0.0,25.0,0.0
2018-07-02,Lunch,2599.9,0.0,0.0,0.0,0.0,0.0,0.0,0.0,0.0,0.0,0.0,0.0,0.0,0.0,0.0,0.0,0.0
2018-07-02,Dinner,4079.8,0.0,0.0,0.0,0.0,0.0,0.0,0.0,0.0,0.0,0.0,0.0,0.0,0.0,0.0,0.0,0.0
2018-07-03,Breakfast,410.0,0.5,0.3,0.0,0.0,0.0,0.0,66.0,0.0,7.7,0.0,6.6,15.4,0.0,0.0,194.0,0.0
2018-07-03,Lunch,117.2,0.8,0.2,0.0,0.0,0.0,0.0,809.0,0.0,3.6,0.0,3.1,1.6,0.0,0.0,0.0,0.0
2018-07-03,Dinner,1900.0,0.0,0.0,0.0,0.0,0.0,0.0,0.0,0.0,0.0,0.0,0.0,0.0,0.0,0.0,0.0,0.0
2018-07-03,Snacks,589.9,3.1,0.2,0.1,0.0,0.0,0.0,1427.0,155.0,28.1,10.1,16.5,1.2,1.6,11.2,0.9,0.9
2018-07-04,Breakfast,1135.5,15.0,2.0,3.1,4.8,0.0,0.0,211.0,130.0,21.3,4.6,2.5,12.0,0.0,0.0,0.0,0.0
2018-07-04,Lunch,2059.3,27.8,11.0,1.6,8.7,0.0,0.0,514.8,327.4,17.6,0.0,8.3,28.5,0.0,0.0,1.2,9.9
